Handle,Title,Body (HTML),Vendor,Product Category,Type,Tags,Published,Option1 Name,Option1 Value,Option1 Linked To,Option2 Name,Option2 Value,Option2 Linked To,Option3 Name,Option3 Value,Option3 Linked To,Variant SKU,Variant Grams,Variant Inventory Tracker,Variant Inventory Qty,Variant Inventory Policy,Variant Fulfillment Service,Variant Price,Variant Compare At Price,Variant Requires Shipping,Variant Taxable,Unit Price Total Measure,Unit Price Total Measure Unit,Unit Price Base Measure,Unit Price Base Measure Unit,Variant Barcode,Image Src,Image Position,Image Alt Text,Gift Card,SEO Title,SEO Description,Google Shopping / Google Product Category,Google Shopping / Gender,Google Shopping / Age Group,Google Shopping / MPN,Google Shopping / Condition,Google Shopping / Custom Product,Google Shopping / Custom Label 0,Google Shopping / Custom Label 1,Google Shopping / Custom Label 2,Google Shopping / Custom Label 3,Google Shopping / Custom Label 4,Lookfy Gallery ID (product.metafields.custom.lookfy_gallery_id),Google: Custom Product (product.metafields.mm-google-shopping.custom_product),Bag/Case material (product.metafields.shopify.bag-case-material),Brush material (product.metafields.shopify.brush-material),Cleaning surfaces (product.metafields.shopify.cleaning-surfaces),Color (product.metafields.shopify.color-pattern),Cutter options (product.metafields.shopify.cutter-options),Dry/Wet cleaning (product.metafields.shopify.dry-wet-cleaning),Fabric (product.metafields.shopify.fabric),Food storage material (product.metafields.shopify.food-storage-material),Handwear material (product.metafields.shopify.handwear-material),Hardware material (product.metafields.shopify.hardware-material),Material (product.metafields.shopify.material),Shape (product.metafields.shopify.shape),Tableware material (product.metafields.shopify.tableware-material),Tool/Utensil material (product.metafields.shopify.tool-utensil-material),Variant Image,Variant Weight Unit,Variant Tax Code,Cost per item,Status
non-slip-textured-table-protector-sheet,Non-Slip Textured Table Protector Sheet,"<p>Waterproof, Oilproof &amp; Heat-Resistant Surface Cover / Drawer Liner<br></p>
<p data-start=""347"" data-end=""659"">Protect your furniture with style using our <strong data-start=""391"" data-end=""434"">Non-Slip Textured Table Protector Sheet</strong>, designed to keep your surfaces clean, safe, and scratch-free. Made with high-quality waterproof material, this multipurpose sheet is perfect for <strong data-start=""581"" data-end=""658"">tables, kitchen shelves, drawers, cabinets, countertops, and dining areas</strong>.</p>
<p data-start=""661"" data-end=""832"">The elegant textured pattern not only enhances grip but also adds a premium look to your home. Easy to cut, install, and clean — making it a must-have for every household.</p>
<h3 data-start=""834"" data-end=""854""><strong data-start=""838"" data-end=""854"">Key Features</strong></h3>
<ul data-start=""855"" data-end=""1177"">
<li data-start=""855"" data-end=""905"">
<p data-start=""857"" data-end=""905"">✔️ <strong data-start=""860"" data-end=""888"">Non-slip textured design</strong> for extra grip</p>
</li>
<li data-start=""906"" data-end=""955"">
<p data-start=""908"" data-end=""955"">✔️ <strong data-start=""911"" data-end=""953"">Waterproof, oilproof &amp; stain-resistant</strong></p>
</li>
<li data-start=""956"" data-end=""1010"">
<p data-start=""958"" data-end=""1010"">✔️ <strong data-start=""961"" data-end=""988"">Heat-resistant material</strong> protects your table</p>
</li>
<li data-start=""1011"" data-end=""1089"">
<p data-start=""1013"" data-end=""1089"">✔️ Ideal for <strong data-start=""1026"" data-end=""1087"">kitchen shelves, drawers, fridge racks, tables &amp; cabinets</strong></p>
</li>
<li data-start=""1090"" data-end=""1140"">
<p data-start=""1092"" data-end=""1140"">✔️ <strong data-start=""1095"" data-end=""1120"">Easy to cut &amp; install</strong> according to size</p>
</li>
<li data-start=""1141"" data-end=""1177"">
<p data-start=""1143"" data-end=""1177"">✔️ Durable and reusable material</p>
</li>
</ul>
<h3 data-start=""1179"" data-end=""1205""><strong data-start=""1183"" data-end=""1205"">Why You’ll Love It</strong></h3>
<p data-start=""1206"" data-end=""1397"">This sheet keeps your furniture new-looking while offering long-lasting protection against spills, scratches, and daily wear. Perfect for organizing spaces while improving overall aesthetics.<br></p>
<h3 data-start=""1179"" data-end=""1205""><strong data-start=""1183"" data-end=""1205"">Package include: 1 Roll</strong></h3>",TREVO,Home & Garden > Linens & Bedding > Table Linens > Tablecloths,shelf liner,"home essentials, kitchen organizer, New",true,Title,Default Title,,,,,,,,TRV-MAT-NSP-01,0.0,shopify,1,deny,manual,249.00,379.00,true,false,,,,,"",https://cdn.shopify.com/s/files/1/0655/7417/4829/files/WhatsAppImage2025-12-01at5.46.13PM_1.jpg?v=1764598275,1,"",false,,,4143,,,,,,,,,,,,,,,,beige; geometric,,,plastic; synthetic,,,,,trolly,,,,kg,,,active
non-slip-textured-table-protector-sheet,,,,,,,,,,,,,,,,,,,,,,,,,,,,,,,,https://cdn.shopify.com/s/files/1/0655/7417/4829/files/WhatsAppImage2025-12-01at5.46.13PM_2.jpg?v=1764598275,2,"",,,,,,,,,,,,,,,,,,,,,,,,,,,,,,,,,,,
non-slip-textured-table-protector-sheet,,,,,,,,,,,,,,,,,,,,,,,,,,,,,,,,https://cdn.shopify.com/s/files/1/0655/7417/4829/files/WhatsAppImage2025-12-01at5.46.13PM_3.jpg?v=1764598275,3,"",,,,,,,,,,,,,,,,,,,,,,,,,,,,,,,,,,,
non-slip-textured-table-protector-sheet,,,,,,,,,,,,,,,,,,,,,,,,,,,,,,,,https://cdn.shopify.com/s/files/1/0655/7417/4829/files/WhatsAppImage2025-12-01at5.46.13PM.jpg?v=1764598275,4,"",,,,,,,,,,,,,,,,,,,,,,,,,,,,,,,,,,,
non-slip-textured-table-protector-sheet,,,,,,,,,,,,,,,,,,,,,,,,,,,,,,,,https://cdn.shopify.com/s/files/1/0655/7417/4829/files/WhatsAppImage2025-12-01at5.46.14PM_1.jpg?v=1764598275,5,"",,,,,,,,,,,,,,,,,,,,,,,,,,,,,,,,,,,
non-slip-textured-table-protector-sheet,,,,,,,,,,,,,,,,,,,,,,,,,,,,,,,,https://cdn.shopify.com/s/files/1/0655/7417/4829/files/WhatsAppImage2025-12-01at5.46.14PM.jpg?v=1764598275,6,"",,,,,,,,,,,,,,,,,,,,,,,,,,,,,,,,,,,
non-slip-textured-table-protector-sheet,,,,,,,,,,,,,,,,,,,,,,,,,,,,,,,,https://cdn.shopify.com/s/files/1/0655/7417/4829/files/WhatsAppImage2025-12-01at5.46.15PM_1.jpg?v=1764598275,7,"",,,,,,,,,,,,,,,,,,,,,,,,,,,,,,,,,,,
non-slip-textured-table-protector-sheet,,,,,,,,,,,,,,,,,,,,,,,,,,,,,,,,https://cdn.shopify.com/s/files/1/0655/7417/4829/files/WhatsAppImage2025-12-01at5.46.15PM_2.jpg?v=1764598275,8,"",,,,,,,,,,,,,,,,,,,,,,,,,,,,,,,,,,,
non-slip-textured-table-protector-sheet,,,,,,,,,,,,,,,,,,,,,,,,,,,,,,,,https://cdn.shopify.com/s/files/1/0655/7417/4829/files/WhatsAppImage2025-12-01at5.46.15PM.jpg?v=1764598275,9,"",,,,,,,,,,,,,,,,,,,,,,,,,,,,,,,,,,,
non-slip-textured-table-protector-sheet,,,,,,,,,,,,,,,,,,,,,,,,,,,,,,,,https://cdn.shopify.com/s/files/1/0655/7417/4829/files/WhatsAppImage2025-12-01at5.46.16PM_1.jpg?v=1764598275,10,"",,,,,,,,,,,,,,,,,,,,,,,,,,,,,,,,,,,
non-slip-textured-table-protector-sheet,,,,,,,,,,,,,,,,,,,,,,,,,,,,,,,,https://cdn.shopify.com/s/files/1/0655/7417/4829/files/WhatsAppImage2025-12-01at5.46.16PM.jpg?v=1764598275,11,"",,,,,,,,,,,,,,,,,,,,,,,,,,,,,,,,,,,
non-slip-textured-table-protector-sheet,,,,,,,,,,,,,,,,,,,,,,,,,,,,,,,,https://cdn.shopify.com/s/files/1/0655/7417/4829/files/WhatsAppImage2025-12-01at5.47.51PM_1.jpg?v=1764598275,12,"",,,,,,,,,,,,,,,,,,,,,,,,,,,,,,,,,,,
leaf-shaped-serving-bowl-lightweight-durable-stylish-tableware-for-snacks-salads-sauces,Leaf Shaped Serving Bowl,"<p data-end=""603"" data-start=""302"">Lightweight, Durable &amp; Stylish Tableware for Snacks, Salads, Sauces<br>Bring natural elegance to your dining table with this <strong data-end=""384"" data-start=""356"">Leaf Shaped Serving Bowl</strong>, designed to add a fresh and modern touch to your kitchen. Made from durable, lightweight, and eco-friendly material, this bowl is perfect for serving <strong data-end=""602"" data-start=""536"">snacks, fruits, sauces, dips, dry items, and small side dishes</strong>.</p>
<p data-end=""768"" data-start=""605"">The smooth matte finish and realistic leaf pattern make it a beautiful addition to any home décor setting. Ideal for daily use, picnics, parties, and gift hampers.</p>
<h3 data-end=""790"" data-start=""770""><strong data-end=""790"" data-start=""774"">Key Features</strong></h3>
<ul data-end=""1100"" data-start=""791"">
<li data-end=""834"" data-start=""791"">
<p data-end=""834"" data-start=""793"">🌿 <strong data-end=""832"" data-start=""796"">Eco-friendly &amp; BPA-free material</strong></p>
</li>
<li data-end=""901"" data-start=""835"">
<p data-end=""901"" data-start=""837"">🍃 <strong data-end=""862"" data-start=""840"">Unique leaf design</strong> adds a stylish nature-inspired touch</p>
</li>
<li data-end=""961"" data-start=""902"">
<p data-end=""961"" data-start=""904"">🥗 Perfect for <strong data-end=""959"" data-start=""919"">snacks, sauces, dips, salads &amp; sides</strong></p>
</li>
<li data-end=""995"" data-start=""962"">
<p data-end=""995"" data-start=""964"">💧 Easy to clean and maintain</p>
</li>
<li data-end=""1057"" data-start=""996"">
<p data-end=""1057"" data-start=""998"">🏠 Suitable for kitchen, dining table, and serving guests</p>
</li>
<li data-end=""1100"" data-start=""1058"">
<p data-end=""1100"" data-start=""1060"">🎁 Great for gifting or home décor use</p>
</li>
</ul>
<h3 data-end=""1128"" data-start=""1102""><strong data-end=""1128"" data-start=""1106"">Why You’ll Love It</strong></h3>
<p data-end=""1284"" data-start=""1129"">This serving bowl is not only visually appealing but also practical, durable, and versatile — making it an essential addition to your tableware collection.<br><br></p>
<h3 data-end=""1128"" data-start=""1102""><strong data-end=""1128"" data-start=""1106"">Package Include: 2 * Serving Bowls</strong></h3>
<p data-end=""1284"" data-start=""1129""> </p>",TREVO,Home & Garden > Kitchen & Dining > Tableware > Serveware Accessories,Kitchen accessories,"kitchen organizer, New, TrevoPK",true,Title,Default Title,,,,,,,,TRV-SRV-LFB-01,0.0,shopify,5,deny,manual,129.00,249.00,true,false,,,,,"",https://cdn.shopify.com/s/files/1/0655/7417/4829/files/WhatsAppImage2025-11-30at9.33.15PM.jpg?v=1764597854,1,"",false,,,6425,,,,,,,,,,,,,,,,pink; green; multicolor; white,,,,,,,,,ceramic,,,kg,,,active
leaf-shaped-serving-bowl-lightweight-durable-stylish-tableware-for-snacks-salads-sauces,,,,,,,,,,,,,,,,,,,,,,,,,,,,,,,,https://cdn.shopify.com/s/files/1/0655/7417/4829/files/ChatGPTImageDec1_2025_06_30_53PM.png?v=1764597854,2,"",,,,,,,,,,,,,,,,,,,,,,,,,,,,,,,,,,,
leaf-shaped-serving-bowl-lightweight-durable-stylish-tableware-for-snacks-salads-sauces,,,,,,,,,,,,,,,,,,,,,,,,,,,,,,,,https://cdn.shopify.com/s/files/1/0655/7417/4829/files/ChatGPTImageDec1_2025_06_49_52PM.png?v=1764597854,3,"",,,,,,,,,,,,,,,,,,,,,,,,,,,,,,,,,,,
leaf-shaped-serving-bowl-lightweight-durable-stylish-tableware-for-snacks-salads-sauces,,,,,,,,,,,,,,,,,,,,,,,,,,,,,,,,https://cdn.shopify.com/s/files/1/0655/7417/4829/files/WhatsAppImage2025-11-30at9.32.56PM.jpg?v=1764597854,4,"",,,,,,,,,,,,,,,,,,,,,,,,,,,,,,,,,,,
leaf-shaped-serving-bowl-lightweight-durable-stylish-tableware-for-snacks-salads-sauces,,,,,,,,,,,,,,,,,,,,,,,,,,,,,,,,https://cdn.shopify.com/s/files/1/0655/7417/4829/files/WhatsAppImage2025-12-01at9.41.21AM.jpg?v=1764597058,5,"",,,,,,,,,,,,,,,,,,,,,,,,,,,,,,,,,,,
stainless-steel-multi-slot-organizer-rack-plate-lid-cutting-board-holder,"Stainless Steel Multi-Slot Organizer Rack – Plate, Lid & Cutting Board Holder","<p class=""p""><span>Keep your kitchen clean and organized with this </span><b><span class=""15"">Stainless Steel Multi-Slot Organizer Rack</span></b><span>. Designed with multiple evenly spaced slots, it securely holds </span><b><span class=""15"">plates, pot lids, baking trays, cutting boards, and chopping boards</span></b><span> in an upright position.</span><span></span></p>
<p class=""p""><span>Its strong stainless steel structure ensures </span><b><span class=""15"">rust-free durability</span></b><span>, while the open-frame design allows for </span><b><span class=""15"">quick drying and easy cleaning</span></b><span>. Perfect for kitchen shelves, countertops, and inside cabinets.</span><span></span></p>
<p class=""p""><b><span class=""15"">Features:</span></b><span><br></span><span><span style=""font-family: Times New Roman;"">• Durable Stainless Steel Build</span></span><span><br></span><span><span style=""font-family: Times New Roman;"">• Multiple Slots for Organized Storage</span></span><span><br></span><span><span style=""font-family: Times New Roman;"">• Perfect for Plates, Lids, Trays &amp; Cutting Boards</span></span><span><br></span><span><span style=""font-family: Times New Roman;"">• Rust-Resistant &amp; Easy to Clean</span></span><span><br></span><span><span style=""font-family: Times New Roman;"">• Space-Saving Design for Cabinets &amp; Countertops</span></span><span></span></p>
<p class=""MsoNormal""><b><span class=""15"">Package Includes:</span></b><span><br></span><span><span style=""font-family: SimSun;"">• 1 × Stainless Steel Organizer Rack</span></span><span></span></p>",TREVO,Home & Garden > Kitchen & Dining > Kitchen Tools & Utensils > Kitchen Organizers > Kitchen Utensil Holders & Racks,Kitchen utensil Holders and racks,"kitchen organizer, New, TrevoPK",true,Title,Default Title,,,,,,,,TRV-ORG-SSR-01,0.0,shopify,0,deny,manual,249.00,379.00,true,false,,,,,"",https://cdn.shopify.com/s/files/1/0655/7417/4829/files/WhatsAppImage2025-11-30at4.37.36PM_1.jpg?v=1764506585,1,"",false,,,6487,,,,,,,,,,,,,,,,silver,,,,,,,,,,,,kg,,,active
stainless-steel-multi-slot-organizer-rack-plate-lid-cutting-board-holder,,,,,,,,,,,,,,,,,,,,,,,,,,,,,,,,https://cdn.shopify.com/s/files/1/0655/7417/4829/files/WhatsAppImage2025-11-30at4.37.36PM.jpg?v=1772951491,2,"",,,,,,,,,,,,,,,,,,,,,,,,,,,,,,,,,,,
usb-rechargeable-electric-lighter-flexible-neck-windproof-flameless,"USB Rechargeable Electric Lighter – Flexible Neck, Windproof & Flameless","<p class=""p""><span>Light your stove safely and comfortably with this </span><b><span class=""15"">USB Rechargeable Electric Lighter</span></b><span>. Designed with a </span><b><span class=""15"">flexible 360° bendable neck</span></b><span>, it lets you ignite gas burners without bringing your hands close to the flame. Perfect for gas stoves, candles, BBQ grills, and outdoor use.</span><span></span></p>
<p class=""p""><span>This lighter uses </span><b><span class=""15"">flameless plasma arc technology</span></b><span>, making it completely </span><b><span class=""15"">windproof</span></b><span>, eco-friendly, and safer than traditional gas lighters. Just plug it into any USB port to recharge — no gas refills needed.</span><span></span></p>
<p class=""p""><b><span class=""15"">Features:</span></b><span><br></span><span><span style=""font-family: Times New Roman;"">• USB Rechargeable – long-lasting battery</span></span><span><br></span><span><span style=""font-family: Times New Roman;"">• Windproof &amp; Flameless Technology</span></span><span><br></span><span><span style=""font-family: Times New Roman;"">• Flexible 360° Neck for easy reach</span></span><span><br></span><span><span style=""font-family: Times New Roman;"">• Safe, secure ignition</span></span><span><br></span><span><span style=""font-family: Times New Roman;"">• Ideal for stoves, candles, BBQ, grills, and camping</span></span><span></span></p>
<p class=""p""><b><span class=""15"">Package Includes:</span></b><span><br></span><span><span style=""font-family: Times New Roman;"">• 1 × USB Rechargeable Lighter</span></span><span><br></span><span><span style=""font-family: Times New Roman;"">• 1 × Charging Cable</span></span><span></span></p>
<p class=""MsoNormal""><span> </span></p>",TREVO,Hardware > Tools > Lighters & Matches > Metal Lighters,"","",true,Title,Default Title,,,,,,,,TRV-ELC-LGT-USB-01,0.0,shopify,14,deny,manual,499.00,749.00,true,false,,,,,"",https://cdn.shopify.com/s/files/1/0655/7417/4829/files/20251130_1626_USBLighterCharging_remix_01kba85k7he9c8rsqsj979dmvc.png?v=1764506413,1,"",false,,,503774,,,,,,,,,,,,,,,,red,,,,,,metal; plastic,,,,,,kg,,,active
usb-rechargeable-electric-lighter-flexible-neck-windproof-flameless,,,,,,,,,,,,,,,,,,,,,,,,,,,,,,,,https://cdn.shopify.com/s/files/1/0655/7417/4829/files/20251130_1626_USBLighterDemo_remix_01kba84gn1ep4rzbhc7eq7sjt5.png?v=1764506413,2,"",,,,,,,,,,,,,,,,,,,,,,,,,,,,,,,,,,,
usb-rechargeable-electric-lighter-flexible-neck-windproof-flameless,,,,,,,,,,,,,,,,,,,,,,,,,,,,,,,,https://cdn.shopify.com/s/files/1/0655/7417/4829/files/20251130_1623_ElectricLighterDisplay_remix_01kba80f9ef4ztz674smrn3w7k.png?v=1764506413,3,"",,,,,,,,,,,,,,,,,,,,,,,,,,,,,,,,,,,
usb-rechargeable-electric-lighter-flexible-neck-windproof-flameless,,,,,,,,,,,,,,,,,,,,,,,,,,,,,,,,https://cdn.shopify.com/s/files/1/0655/7417/4829/files/20251130_1623_ElectricLighterDisplay_remix_01kba80f9gf7w8pvbq6r0a7h1e.png?v=1764506413,4,"",,,,,,,,,,,,,,,,,,,,,,,,,,,,,,,,,,,
rechargeable-mini-heat-sealer-portable-bag-resealer-with-usb-charging,Rechargeable Mini Heat Sealer – Portable Bag Resealer with USB Charging,"<p class=""p""><span>Keep your snacks, spices, and dried foods fresh with this </span><b><span class=""15"">Rechargeable Mini Heat Sealer</span></b><span>. It instantly reseals plastic bags with a strong, airtight seal—perfect for sealing chips, dried fruits, spices, lentils, and freezer bags.</span><span></span></p>
<p class=""p""><span>The compact, handheld design makes it super easy to use: just press, slide, and seal. With </span><b><span class=""15"">USB rechargeable convenience</span></b><span>, you don’t need batteries—simply charge it and it’s ready whenever you need it.</span><span></span></p>
<p class=""p""><span>Ideal for kitchen storage, travel, home organization, and small business packaging.</span><span></span></p>
<p class=""p""><b><span class=""15"">Features:</span></b><span><br></span><span><span style=""font-family: Times New Roman;"">• Rechargeable Mini Heat Sealer (USB Charging)</span></span><span><br></span><span><span style=""font-family: Times New Roman;"">• Creates an airtight, leak-proof seal in seconds</span></span><span><br></span><span><span style=""font-family: Times New Roman;"">• Perfect for snacks, spices, dried foods &amp; leftovers</span></span><span><br></span><span><span style=""font-family: Times New Roman;"">• Portable, lightweight &amp; easy to store</span></span><span><br></span><span><span style=""font-family: Times New Roman;"">• Safe heating plate with superior sealing strength</span></span><span></span></p>
<p class=""p""><b><span class=""15"">Package Includes:</span></b><span><br></span><span><span style=""font-family: Times New Roman;"">• 1 × Rechargeable Mini Heat Sealer</span></span><span><br></span><span><span style=""font-family: Times New Roman;"">• 1 × USB Charging Cable</span></span><span></span></p>",TREVO,Office Supplies > Impulse Sealers > Handheld Impulse Sealers,Handheld Impulse sealer,"home essentials, kitchen organizer, New, Sealer, TrevoPK",true,Title,Default Title,,,,,,,,TRV-ELC-HSL-USB-01,0.0,shopify,13,deny,manual,499.00,879.00,true,true,,,,,"",https://cdn.shopify.com/s/files/1/0655/7417/4829/files/WhatsAppImage2025-11-30at4.39.41PM.jpg?v=1764506031,1,"",false,,,5829,,,,,,,,,,,,,,,,,built-in-cutter,,,,,,,,,,,kg,,,active
rechargeable-mini-heat-sealer-portable-bag-resealer-with-usb-charging,,,,,,,,,,,,,,,,,,,,,,,,,,,,,,,,https://cdn.shopify.com/s/files/1/0655/7417/4829/files/ChatGPT_Image_Nov_22_2025_02_58_25_PM.png?v=1764506075,2,"",,,,,,,,,,,,,,,,,,,,,,,,,,,,,,,,,,,
rechargeable-mini-heat-sealer-portable-bag-resealer-with-usb-charging,,,,,,,,,,,,,,,,,,,,,,,,,,,,,,,,https://cdn.shopify.com/s/files/1/0655/7417/4829/files/ChatGPT_Image_Nov_21_2025_04_45_04_PM.png?v=1764506076,3,"",,,,,,,,,,,,,,,,,,,,,,,,,,,,,,,,,,,
rechargeable-mini-heat-sealer-portable-bag-resealer-with-usb-charging,,,,,,,,,,,,,,,,,,,,,,,,,,,,,,,,https://cdn.shopify.com/s/files/1/0655/7417/4829/files/WhatsAppImage2025-11-30at4.39.41PM_1.jpg?v=1764506031,4,"",,,,,,,,,,,,,,,,,,,,,,,,,,,,,,,,,,,
rechargeable-mini-heat-sealer-portable-bag-resealer-with-usb-charging,,,,,,,,,,,,,,,,,,,,,,,,,,,,,,,,https://cdn.shopify.com/s/files/1/0655/7417/4829/files/ChatGPT_Image_Nov_22_2025_02_09_31_PM.png?v=1764506074,5,"",,,,,,,,,,,,,,,,,,,,,,,,,,,,,,,,,,,
rechargeable-mini-heat-sealer-portable-bag-resealer-with-usb-charging,,,,,,,,,,,,,,,,,,,,,,,,,,,,,,,,https://cdn.shopify.com/s/files/1/0655/7417/4829/files/ChatGPT_Image_Nov_22_2025_02_16_47_PM.png?v=1764506076,6,"",,,,,,,,,,,,,,,,,,,,,,,,,,,,,,,,,,,
dish-washing-organizer-set-large-capacity-sink-caddy-with-pump-ring-holder,Dish Washing Organizer Set,"<p class=""p""><span>Large Capacity Sink Caddy with Pump Ring Holder</span></p>
<p class=""p""><span>Keep your sink area neat, clean, and fully organized with this </span><b><span class=""15"">Dish Washing Organizer Set</span></b><span>. Designed with </span><b><span class=""15"">three large-capacity compartments</span></b><span>, it easily holds dishwashing liquid, sponges, brushes, scrubbers, and other cleaning essentials.</span><span></span></p>
<p class=""p""><span>The center features a </span><b><span class=""15"">pump-style ring holder</span></b><span> with a transparent lid—perfect for storing liquid soap, making refilling easy and mess-free. The wide, deep compartments prevent items from slipping out and help maintain a tidy kitchen counter.</span><span></span></p>
<p class=""p""><span>Made from durable, easy-to-clean plastic, this sink caddy is ideal for everyday use in kitchens, bathrooms, and utility areas.</span><span></span></p>
<p class=""p""><b><span class=""15"">Features:</span></b><span><br></span><span><span style=""font-family: Times New Roman;"">• 3 Large Compartments for sponges, brushes &amp; cleaning tools</span></span><span><br></span><span><span style=""font-family: Times New Roman;"">• Pump Ring Holder with transparent lid for dishwashing liquid</span></span><span><br></span><span><span style=""font-family: Times New Roman;"">• Deep and wide container design for large storage volume</span></span><span><br></span><span><span style=""font-family: Times New Roman;"">• Keeps sink area neat, clean &amp; organized</span></span><span><br></span><span><span style=""font-family: Times New Roman;"">• Durable, waterproof &amp; easy to wash</span></span><span><br></span><span><span style=""font-family: Times New Roman;"">• Suitable for kitchen sink, bathroom sink &amp; utility counters</span></span><span></span></p>
<p class=""p""><b><span class=""15"">Package Includes:</span></b><span><br></span><span><span style=""font-family: Times New Roman;"">• 1 × Dish Washing Organizer Set (with pump ring holder)</span></span><span></span></p>",TREVO,Home & Garden > Kitchen & Dining > Kitchen Tools & Utensils > Sink Caddies,Sink Caddies,"bathroom hooks, home essentials, kitchen organizer, New, TrevoPK",true,Title,Default Title,,,,,,,,TRV-ORG-DWO-01,0.0,shopify,13,deny,manual,599.00,1099.00,true,false,,,,,"",https://cdn.shopify.com/s/files/1/0655/7417/4829/files/20251130_1714_DishwashingOrganizerSet_remix_01kbaax8fyeecsyn0za9ejm2kq.png?v=1764505853,1,"",false,,,6746,,,,,,,,,,,,,,,,white; beige,,,,,,,,,,,,kg,,,active
dish-washing-organizer-set-large-capacity-sink-caddy-with-pump-ring-holder,,,,,,,,,,,,,,,,,,,,,,,,,,,,,,,,https://cdn.shopify.com/s/files/1/0655/7417/4829/files/20251130_1714_DishwashingOrganizerShowcase_remix_01kbaay3qafbdszhvzb8kxe557.png?v=1764505853,2,"",,,,,,,,,,,,,,,,,,,,,,,,,,,,,,,,,,,
dish-washing-organizer-set-large-capacity-sink-caddy-with-pump-ring-holder,,,,,,,,,,,,,,,,,,,,,,,,,,,,,,,,https://cdn.shopify.com/s/files/1/0655/7417/4829/files/WhatsAppImage2025-10-25at3.21.12PM_1.jpg?v=1762772824,3,"",,,,,,,,,,,,,,,,,,,,,,,,,,,,,,,,,,,
dish-washing-organizer-set-large-capacity-sink-caddy-with-pump-ring-holder,,,,,,,,,,,,,,,,,,,,,,,,,,,,,,,,https://cdn.shopify.com/s/files/1/0655/7417/4829/files/WhatsAppImage2025-10-25at3.20.19PM_1.jpg?v=1762772824,4,"",,,,,,,,,,,,,,,,,,,,,,,,,,,,,,,,,,,
dish-washing-organizer-set-large-capacity-sink-caddy-with-pump-ring-holder,,,,,,,,,,,,,,,,,,,,,,,,,,,,,,,,https://cdn.shopify.com/s/files/1/0655/7417/4829/files/WhatsAppImage2025-10-25at3.20.18PM.jpg?v=1762772824,5,"",,,,,,,,,,,,,,,,,,,,,,,,,,,,,,,,,,,
adjustable-drawer-partition-dividers-4-in-1-pack,Adjustable Drawer Partition Dividers (4 in 1 pack),"<p><strong>Multi-Section Organizer for Home &amp; Kitchen<br></strong><span>Keep every drawer neat and perfectly organized with these </span><b><span class=""15"">Adjustable Drawer Partition Dividers</span></b><span>. Each strip features flexible notches that easily interlock, allowing you to create </span><b><span class=""15"">custom-sized sections</span></b><span> in any drawer. Perfect for organizing makeup, jewelry, baby items, socks, undergarments, office supplies, kitchen tools, and more.</span><span></span></p>
<p class=""p""><span>Made from high-quality, durable plastic, these dividers fit smoothly inside drawers without scratching. You can </span><b><span class=""15"">expand, shorten, or rearrange</span></b><span> them anytime to match your storage needs.</span><span></span></p>
<p class=""p""><span>Ideal for home, office, dressing table, kitchen cabinets, vanity drawers, and kids’ storage spaces.</span><span></span></p>
<p class=""p""><b><span class=""15"">Features:</span></b><span><br></span><span><span style=""font-family: Times New Roman;"">• Adjustable &amp; customizable divider strips</span></span><span><br></span><span><span style=""font-family: Times New Roman;"">• Create multiple sections in any drawer</span></span><span><br></span><span><span style=""font-family: Times New Roman;"">• Perfect for makeup, jewelry, socks, stationery &amp; accessories</span></span><span><br></span><span><span style=""font-family: Times New Roman;"">• Strong, durable plastic</span></span><span><br></span><span><span style=""font-family: Times New Roman;"">• Smooth edges – safe for all drawers</span></span><span><br></span><span><span style=""font-family: Times New Roman;"">• Easy to install, remove &amp; rearrange</span></span><span></span></p>
<p class=""p""><b><span class=""15"">Package Includes:</span></b><span><br></span><span><span style=""font-family: Times New Roman;"">• </span></span><span>Four </span><span>Adjustable Divider Strips</span><span></span></p>",TREVO,Home & Garden > Household Supplies > Storage & Organization > Household Drawer Organizer Inserts,household drawer organizer,New,true,Title,Default Title,,,,,,,,TRV-ORG-DPD-04,0.0,shopify,2,deny,manual,249.00,389.00,true,false,,,,,"",https://cdn.shopify.com/s/files/1/0655/7417/4829/files/20251130_1659_OrganizedDrawerDividers_remix_01kbaa0ey7ecfvtfbcatdv2y56.png?v=1764505606,1,"",false,,,8058,,,,,,,,,,,,,,,,pink,,,,,,,plastic,,,,,kg,,,active
adjustable-drawer-partition-dividers-4-in-1-pack,,,,,,,,,,,,,,,,,,,,,,,,,,,,,,,,https://cdn.shopify.com/s/files/1/0655/7417/4829/files/20251130_1700_Pink_Dividers_on_Table_remix_01kbaa3n8jfe786tyb7tscft1h.png?v=1764506894,2,"",,,,,,,,,,,,,,,,,,,,,,,,,,,,,,,,,,,
adjustable-drawer-partition-dividers-4-in-1-pack,,,,,,,,,,,,,,,,,,,,,,,,,,,,,,,,https://cdn.shopify.com/s/files/1/0655/7417/4829/files/20251130_1703_PinkDrawerDividersLayout_remix_01kbaa85dafchb9s2b9351yg84.png?v=1764506894,3,"",,,,,,,,,,,,,,,,,,,,,,,,,,,,,,,,,,,
adjustable-drawer-partition-dividers-4-in-1-pack,,,,,,,,,,,,,,,,,,,,,,,,,,,,,,,,https://cdn.shopify.com/s/files/1/0655/7417/4829/files/20251130_1700_DrawerOrganizationTransformation_remix_01kbaa2ag0ex6s50qqb18vfc5t.png?v=1764506894,4,"",,,,,,,,,,,,,,,,,,,,,,,,,,,,,,,,,,,
adjustable-drawer-partition-dividers-4-in-1-pack,,,,,,,,,,,,,,,,,,,,,,,,,,,,,,,,https://cdn.shopify.com/s/files/1/0655/7417/4829/files/20251130_1657_PinkDividerStrips_remix_01kba9ye7weddbehdkz3rctqfb.png?v=1764506894,5,"",,,,,,,,,,,,,,,,,,,,,,,,,,,,,,,,,,,
adjustable-drawer-partition-dividers-4-in-1-pack,,,,,,,,,,,,,,,,,,,,,,,,,,,,,,,,https://cdn.shopify.com/s/files/1/0655/7417/4829/files/20251130_1657_PinkDrawerDividers_remix_01kba9xnkdf3r83vw4c7bbbxzv.png?v=1764506894,6,"",,,,,,,,,,,,,,,,,,,,,,,,,,,,,,,,,,,
premium-foldable-metal-basket-golden-finish-kitchen-home-storage,Premium Foldable Metal Basket – Golden Finish | Kitchen & Home Storage,"<p data-start=""560"" data-end=""825"">Add luxury and organization to your home with our <strong data-start=""610"" data-end=""642"">Foldable Golden Steel Basket</strong>, designed to store your essentials with style. Made from <strong data-start=""700"" data-end=""732"">high-quality stainless steel</strong> and finished in a <strong data-start=""751"" data-end=""779"">beautiful golden coating</strong>, this basket is both <strong data-start=""801"" data-end=""824"">durable and elegant</strong>.</p>
<p data-start=""827"" data-end=""1085"">The <strong data-start=""831"" data-end=""850"">foldable design</strong> allows you to expand or collapse the basket within seconds, making it perfect for <strong data-start=""933"" data-end=""949"">saving space</strong> when not in use. Lightweight yet sturdy, it is ideal for <strong data-start=""1007"" data-end=""1084"">kitchens, bathrooms, dressing tables, offices, pantries, and dining areas</strong>.</p>
<p data-start=""1087"" data-end=""1254"">Use it for <strong data-start=""1098"" data-end=""1199"">fruits, vegetables, snacks, napkins, cosmetics, towels, cutlery, table items, or daily essentials</strong>. Its stylish golden look instantly enhances any space.<br></p>
<h2 data-start=""1261"" data-end=""1282""><strong data-start=""1266"" data-end=""1282"">Key Features</strong></h2>
<ul data-start=""1283"" data-end=""1642"">
<li data-start=""1283"" data-end=""1338"">
<p data-start=""1285"" data-end=""1338""><strong data-start=""1285"" data-end=""1310"">Premium Golden Finish</strong> adds elegance to any room</p>
</li>
<li data-start=""1339"" data-end=""1392"">
<p data-start=""1341"" data-end=""1392""><strong data-start=""1341"" data-end=""1360"">Foldable Design</strong> – easy to open, close &amp; store</p>
</li>
<li data-start=""1393"" data-end=""1429"">
<p data-start=""1395"" data-end=""1429""><strong data-start=""1395"" data-end=""1427"">Durable Stainless Steel Body</strong></p>
</li>
<li data-start=""1430"" data-end=""1506"">
<p data-start=""1432"" data-end=""1506""><strong data-start=""1432"" data-end=""1457"">Multi-purpose Storage</strong> for kitchen, dressing, office, bathroom &amp; more</p>
</li>
<li data-start=""1507"" data-end=""1570"">
<p data-start=""1509"" data-end=""1570""><strong data-start=""1509"" data-end=""1539"">Ventilated Steel Structure</strong> keeps contents fresh and dry</p>
</li>
<li data-start=""1571"" data-end=""1605"">
<p data-start=""1573"" data-end=""1605""><strong data-start=""1573"" data-end=""1603"">Lightweight &amp; Space-Saving</strong></p>
</li>
<li data-start=""1606"" data-end=""1642"">
<p data-start=""1608"" data-end=""1642""><strong data-start=""1608"" data-end=""1642"">Easy to Clean and Long-lasting</strong><strong data-start=""1608"" data-end=""1642""></strong><strong data-start=""1608"" data-end=""1642""></strong></p>
<h2 data-start=""1649"" data-end=""1670""><strong data-start=""1655"" data-end=""1670"">Perfect For</strong></h2>
<ul data-start=""1671"" data-end=""1845"">
<li data-start=""1671"" data-end=""1687"">
<p data-start=""1673"" data-end=""1687"">Fruit basket</p>
</li>
<li data-start=""1688"" data-end=""1709"">
<p data-start=""1690"" data-end=""1709"">Vegetable storage</p>
</li>
<li data-start=""1710"" data-end=""1729"">
<p data-start=""1712"" data-end=""1729"">Snack organizer</p>
</li>
<li data-start=""1730"" data-end=""1754"">
<p data-start=""1732"" data-end=""1754"">Bathroom accessories</p>
</li>
<li data-start=""1755"" data-end=""1779"">
<p data-start=""1757"" data-end=""1779"">Dressing table items</p>
</li>
<li data-start=""1780"" data-end=""1807"">
<p data-start=""1782"" data-end=""1807"">Cutlery &amp; napkin holder</p>
</li>
<li data-start=""1808"" data-end=""1830"">
<p data-start=""1810"" data-end=""1830"">Countertop display</p>
</li>
<li data-start=""1831"" data-end=""1845"">
<p data-start=""1833"" data-end=""1845"">Gift hampers</p>
</li>
</ul>
</li>
</ul>",TREVO,Home & Garden > Household Supplies > Storage & Organization > Household Storage Containers,Home Management,"decor, decoration, foldable steel basket, golden steel basket, home essentials, home storage organizer, kitchen organizer, multipurpose steel organizer, New, steel foldable tray, storage, TrevoPK, vase",true,Title,Default Title,,,,,,,,TRV-ORG-FAB-01,0.0,shopify,12,deny,manual,1199.00,2099.00,true,false,,,,,"",https://cdn.shopify.com/s/files/1/0655/7417/4829/files/ChatGPT_Image_Nov_22_2025_04_13_28_PM.png?v=1764442540,1,"",false,,,,,,,,,,,,,,,,,,,golden,,,,,,,,,,,,kg,,,active
premium-foldable-metal-basket-golden-finish-kitchen-home-storage,,,,,,,,,,,,,,,,,,,,,,,,,,,,,,,,https://cdn.shopify.com/s/files/1/0655/7417/4829/files/ChatGPT_Image_Nov_22_2025_04_24_01_PM.png?v=1764442542,2,"",,,,,,,,,,,,,,,,,,,,,,,,,,,,,,,,,,,
premium-foldable-metal-basket-golden-finish-kitchen-home-storage,,,,,,,,,,,,,,,,,,,,,,,,,,,,,,,,https://cdn.shopify.com/s/files/1/0655/7417/4829/files/ChatGPT_Image_Nov_22_2025_04_20_11_PM.png?v=1764442538,3,"",,,,,,,,,,,,,,,,,,,,,,,,,,,,,,,,,,,
premium-foldable-metal-basket-golden-finish-kitchen-home-storage,,,,,,,,,,,,,,,,,,,,,,,,,,,,,,,,https://cdn.shopify.com/s/files/1/0655/7417/4829/files/ChatGPT_Image_Nov_22_2025_04_25_47_PM.png?v=1764442539,4,"",,,,,,,,,,,,,,,,,,,,,,,,,,,,,,,,,,,
premium-foldable-metal-basket-golden-finish-kitchen-home-storage,,,,,,,,,,,,,,,,,,,,,,,,,,,,,,,,https://cdn.shopify.com/s/files/1/0655/7417/4829/files/ChatGPT_Image_Nov_22_2025_04_17_23_PM.png?v=1764442543,5,"",,,,,,,,,,,,,,,,,,,,,,,,,,,,,,,,,,,
premium-foldable-metal-basket-golden-finish-kitchen-home-storage,,,,,,,,,,,,,,,,,,,,,,,,,,,,,,,,https://cdn.shopify.com/s/files/1/0655/7417/4829/files/ChatGPT_Image_Nov_22_2025_04_29_18_PM.png?v=1764442541,6,"",,,,,,,,,,,,,,,,,,,,,,,,,,,,,,,,,,,
premium-foldable-metal-basket-golden-finish-kitchen-home-storage,,,,,,,,,,,,,,,,,,,,,,,,,,,,,,,,https://cdn.shopify.com/s/files/1/0655/7417/4829/files/ChatGPT_Image_Nov_22_2025_04_25_29_PM.png?v=1764442544,7,"",,,,,,,,,,,,,,,,,,,,,,,,,,,,,,,,,,,
wall-hooks,2-pack Self-Adhesive Wall Hooks,"<p data-start=""340"" data-end=""665"">No drills, no damage — just stick, hang, and enjoy!<br data-start=""391"" data-end=""394"">The <strong data-start=""398"" data-end=""429"">Trevo Transparent Wall Hook</strong> is your go-to home essential for effortless hanging and clean aesthetics. Designed with a <strong data-start=""520"" data-end=""543"">strong adhesive pad</strong> and <strong data-start=""548"" data-end=""572"">stainless steel hook</strong>, it holds up to <strong data-start=""589"" data-end=""598"">10 kg</strong> of weight on any smooth surface — walls, doors, tiles, or glass.</p>
<p data-start=""667"" data-end=""792"">Perfect for hanging kitchen tools, bags, towels, keys, or even your favorite hanger — all without leaving marks or residue.</p>
<p data-start=""794"" data-end=""815"">✨ <strong data-start=""796"" data-end=""813"">Key Features:</strong></p>
<ul data-start=""816"" data-end=""1153"">
<li data-start=""816"" data-end=""871"">
<p data-start=""818"" data-end=""871"">🪝 <strong data-start=""821"" data-end=""841"">Heavy-Duty Grip:</strong> Securely holds up to 10 kg.</p>
</li>
<li data-start=""872"" data-end=""941"">
<p data-start=""874"" data-end=""941"">💧 <strong data-start=""877"" data-end=""905"">Waterproof &amp; Rust-Proof:</strong> Ideal for bathrooms and kitchens.</p>
</li>
<li data-start=""942"" data-end=""1012"">
<p data-start=""944"" data-end=""1012"">🔁 <strong data-start=""947"" data-end=""967"">Reusable Design:</strong> Easy to remove and reapply without damage.</p>
</li>
<li data-start=""1013"" data-end=""1075"">
<p data-start=""1015"" data-end=""1075"">🧱 <strong data-start=""1018"" data-end=""1046"">Drill-Free Installation:</strong> Just peel, stick, and use.</p>
</li>
<li data-start=""1076"" data-end=""1153"">
<p data-start=""1078"" data-end=""1153"">👁 <strong data-start=""1081"" data-end=""1100"">Invisible Look:</strong> Transparent base blends seamlessly with any décor.</p>
</li>
</ul>",TREVO,Home & Garden > Household Supplies > Storage & Organization > Storage Hooks & Racks,Home Management,TrevoPK,false,Quantity,1,,,,,,,,TRV-HOK-SA-01A,0.0,shopify,49,deny,manual,119.00,,true,true,,,,,,https://cdn.shopify.com/s/files/1/0655/7417/4829/files/ChatGPTImageOct10_2025_05_23_23PM.png?v=1761223779,1,"",false,,,,,,,,,,,,,,,,,,,silver; clear,,,,,,,metal,,,,,kg,,,archived
wall-hooks,,,,,,,,,2,,,,,,,,TRV-HOK-SA-02A,0.0,shopify,24,deny,manual,169.00,,true,true,,,,,,https://cdn.shopify.com/s/files/1/0655/7417/4829/files/ChatGPTImageOct10_2025_05_21_21PM.png?v=1761223779,2,"",,,,,,,,,,,,,,,,,,,,,,,,,,,,,,,,kg,,,
wall-hooks,,,,,,,,,,,,,,,,,,,,,,,,,,,,,,,,https://cdn.shopify.com/s/files/1/0655/7417/4829/files/ChatGPTImageOct10_2025_04_29_57PM.png?v=1761223778,3,"",,,,,,,,,,,,,,,,,,,,,,,,,,,,,,,,,,,
wall-hooks,,,,,,,,,,,,,,,,,,,,,,,,,,,,,,,,https://cdn.shopify.com/s/files/1/0655/7417/4829/files/ChatGPTImageOct10_2025_04_37_47PM.png?v=1761223779,4,"",,,,,,,,,,,,,,,,,,,,,,,,,,,,,,,,,,,
wall-hooks,,,,,,,,,,,,,,,,,,,,,,,,,,,,,,,,https://cdn.shopify.com/s/files/1/0655/7417/4829/files/ChatGPTImageOct10_2025_04_54_27PM.png?v=1761223779,5,"",,,,,,,,,,,,,,,,,,,,,,,,,,,,,,,,,,,
wall-hooks,,,,,,,,,,,,,,,,,,,,,,,,,,,,,,,,https://cdn.shopify.com/s/files/1/0655/7417/4829/files/ChatGPTImageOct10_2025_04_56_16PM.png?v=1761223779,6,"",,,,,,,,,,,,,,,,,,,,,,,,,,,,,,,,,,,
vintage-metal-tray-3-bowl-condiment-serving-organizer,Vintage Metal Tray – 3 Bowl Condiment & Serving Organizer,"<p data-start=""1916"" data-end=""2209"">Choose your favorite style — <strong data-start=""1945"" data-end=""1954"">Cycle</strong> or <strong data-start=""1958"" data-end=""1969"">Trolley</strong>!<br data-start=""1970"" data-end=""1973"">Both elegant serving trays come with <strong data-start=""2010"" data-end=""2033"">three vibrant bowls</strong> and are perfect for serving <strong data-start=""2062"" data-end=""2123"">sauces, dips, pickles, snacks, spices, and tea-time items</strong>. Made with a premium metal frame, they add style and convenience to any dining setup.</p>
<p data-start=""2211"" data-end=""2267"">Perfect for home use, restaurants, buffets, and gifting.<br></p>
<h1 data-start=""1302"" data-end=""1374""><strong data-start=""1307"" data-end=""1374"">Key Features (Cycle + Trolley Tray Variants)</strong></h1>
<ul data-start=""1375"" data-end=""1790"">
<li data-start=""1375"" data-end=""1429"">
<p data-start=""1377"" data-end=""1429""><strong data-start=""1377"" data-end=""1410"">2 Attractive Shapes Available</strong>: Cycle &amp; Trolley</p>
</li>
<li data-start=""1430"" data-end=""1509"">
<p data-start=""1432"" data-end=""1509""><strong data-start=""1432"" data-end=""1453"">3 Multi-Use Bowls</strong> to serve sauces, pickles, snacks, spices, dips &amp; more</p>
</li>
<li data-start=""1510"" data-end=""1573"">
<p data-start=""1512"" data-end=""1573""><strong data-start=""1512"" data-end=""1542"">Durable Metal Construction</strong> for long-lasting performance</p>
</li>
<li data-start=""1574"" data-end=""1635"">
<p data-start=""1576"" data-end=""1635""><strong data-start=""1576"" data-end=""1606"">Modern &amp; Decorative Design</strong> suitable for table display</p>
</li>
<li data-start=""1636"" data-end=""1672"">
<p data-start=""1638"" data-end=""1672""><strong data-start=""1638"" data-end=""1670"">Easy to Clean, Easy to Carry</strong></p>
</li>
<li data-start=""1673"" data-end=""1737"">
<p data-start=""1675"" data-end=""1737""><strong data-start=""1675"" data-end=""1735"">Perfect for Home, Cafés, Restaurants, Tea-Time &amp; Parties</strong></p>
</li>
<li data-start=""1738"" data-end=""1790"">
<p data-start=""1740"" data-end=""1790""><strong data-start=""1740"" data-end=""1788"">Ideal for Gifting, Hampers &amp; Home Decoration</strong></p>
</li>
</ul>",TREVO,Home & Garden > Kitchen & Dining > Tableware > Serveware > Serving Trays,Serving Trays,"cycletray, New, sauceServing, servingtray, Trayset, TrevoPK",true,Shape,trolly,product.metafields.shopify.shape,,,,,,,TRV-TRAY-VNT-3BT,0.0,shopify,0,deny,manual,1999.00,2599.00,true,false,,,,,"",https://cdn.shopify.com/s/files/1/0655/7417/4829/files/ChatGPT_Image_Nov_29_2025_10_39_47_PM.png?v=1764438014,1,"",false,,,,,,,,,,,,,,,,,,,black; multicolor,,,,,,,,trolly; freeform,metal,,https://cdn.shopify.com/s/files/1/0655/7417/4829/files/ChatGPTImageNov20_2025_11_35_18PM.png?v=1764437995,kg,,,active
vintage-metal-tray-3-bowl-condiment-serving-organizer,,,,,,,,,freeform,,,,,,,,TRV-TRAY-VNT-3BC,0.0,shopify,0,deny,manual,1999.00,2599.00,true,false,,,,,"",https://cdn.shopify.com/s/files/1/0655/7417/4829/files/ChatGPT_Image_Nov_29_2025_10_37_23_PM.png?v=1764438014,2,"",,,,,,,,,,,,,,,,,,,,,,,,,,,,,,,https://cdn.shopify.com/s/files/1/0655/7417/4829/files/ChatGPT_Image_Nov_29_2025_10_39_47_PM.png?v=1764438014,kg,,,
vintage-metal-tray-3-bowl-condiment-serving-organizer,,,,,,,,,,,,,,,,,,,,,,,,,,,,,,,,https://cdn.shopify.com/s/files/1/0655/7417/4829/files/ChatGPTImageNov20_2025_11_27_58PM.png?v=1764437995,3,"",,,,,,,,,,,,,,,,,,,,,,,,,,,,,,,,,,,
vintage-metal-tray-3-bowl-condiment-serving-organizer,,,,,,,,,,,,,,,,,,,,,,,,,,,,,,,,https://cdn.shopify.com/s/files/1/0655/7417/4829/files/ChatGPTImageNov20_2025_11_32_05PM.png?v=1764437995,4,"",,,,,,,,,,,,,,,,,,,,,,,,,,,,,,,,,,,
vintage-metal-tray-3-bowl-condiment-serving-organizer,,,,,,,,,,,,,,,,,,,,,,,,,,,,,,,,https://cdn.shopify.com/s/files/1/0655/7417/4829/files/ChatGPTImageNov20_2025_11_35_18PM.png?v=1764437995,5,"",,,,,,,,,,,,,,,,,,,,,,,,,,,,,,,,,,,
trevo-sink-splash-guard,Trevo Sink Splash Guard,"<p><strong>Keep Your Kitchen Dry &amp; Mess-Free!<br></strong>Say goodbye to water splashes, messy countertops, and constant wiping!<br data-start=""280"" data-end=""283"">Trevo’s Premium Sink Splash Guard is designed to give you a clean, hygienic, and stress-free washing experience. Whether you are washing dishes, fruits, vegetables, or letting kids wash their hands—this splash guard keeps everything neat and controlled.<br></p>
<h2 data-start=""547"" data-end=""568""><strong data-start=""550"" data-end=""568"">Key Features</strong></h2>
<p data-start=""571"" data-end=""668""><strong data-start=""571"" data-end=""596"">🚫 No More Water Mess</strong><br data-start=""596"" data-end=""599"">Blocks water splashes instantly, keeping countertops dry and clean.</p>
<p data-start=""672"" data-end=""794""><strong data-start=""672"" data-end=""695"">🧽 Multipurpose Use</strong><br data-start=""695"" data-end=""698"">Perfect for dishwashing, washing fruits, baby bottles, utensils, or during kids’ hand washing.</p>
<p data-start=""798"" data-end=""912""><strong data-start=""798"" data-end=""830"">💪 Strong &amp; Durable Material</strong><br data-start=""830"" data-end=""833"">High-quality soft rubber + anti-slip design ensures long-lasting performance.</p>
<p data-start=""916"" data-end=""1023""><strong data-start=""916"" data-end=""949"">🧲 Flexible &amp; Easy to Install</strong><br data-start=""949"" data-end=""952"">Fits almost all sinks. Just place, adjust, and use—no tools required!</p>
<p data-start=""1027"" data-end=""1122""><strong data-start=""1027"" data-end=""1049"">💚 Hygienic &amp; Safe</strong><br data-start=""1049"" data-end=""1052"">Prevents bacteria spread by keeping water contained inside the sink.</p>
<p data-start=""1126"" data-end=""1211""><strong data-start=""1126"" data-end=""1146"">🧼 Easy to Clean</strong><br data-start=""1146"" data-end=""1149"">Simply rinse with water or wipe with a cloth. Dries quickly.</p>
<h2 data-start=""1218"" data-end=""1250""><strong data-start=""1221"" data-end=""1250"">Product Specifications</strong></h2>
<ul data-start=""1251"" data-end=""1511"">
<li data-start=""1251"" data-end=""1300"">
<p data-start=""1253"" data-end=""1300""><strong data-start=""1253"" data-end=""1266"">Material:</strong> Soft Silicone / Flexible Rubber</p>
</li>
<li data-start=""1301"" data-end=""1349"">
<p data-start=""1303"" data-end=""1349""><strong data-start=""1303"" data-end=""1314"">Design:</strong> Foldable, Anti-Splash, Anti-Slip</p>
</li>
<li data-start=""1350"" data-end=""1410"">
<p data-start=""1352"" data-end=""1410""><strong data-start=""1352"" data-end=""1365"">Use Case:</strong> Kitchen Sinks, Bathroom Sinks, Basin Areas</p>
</li>
<li data-start=""1411"" data-end=""1467"">
<p data-start=""1413"" data-end=""1467""><strong data-start=""1413"" data-end=""1434"">Available Colors:</strong> Light Green (Trevo Collection)</p>
</li>
<li data-start=""1468"" data-end=""1511"">
<p data-start=""1470"" data-end=""1511""><strong data-start=""1470"" data-end=""1479"">Size:</strong> Standard – Fits most sink edge</p>
</li>
</ul>
<p><strong><br></strong></p>",TREVO,Home & Garden > Kitchen & Dining > Kitchen Tools & Utensils > Sink Mats & Grids > Sink Mats,Kitchen accessories,"New, silicone splash guard, splash guard for sink, Splashguard",true,Title,Default Title,,,,,,,,TRV-SNK-SPG-01,500.0,shopify,5,deny,manual,1099.00,1499.00,true,false,,,,,"",https://cdn.shopify.com/s/files/1/0655/7417/4829/files/ChatGPTImageNov18_2025_09_58_09PM.png?v=1764437410,1,"",false,,,,,,,,,,,,,,,,,,,green,,,,,,,,,,,,kg,,,active
trevo-sink-splash-guard,,,,,,,,,,,,,,,,,,,,,,,,,,,,,,,,https://cdn.shopify.com/s/files/1/0655/7417/4829/files/ChatGPTImageNov18_2025_10_25_01PM.png?v=1764437410,2,"",,,,,,,,,,,,,,,,,,,,,,,,,,,,,,,,,,,
trevo-sink-splash-guard,,,,,,,,,,,,,,,,,,,,,,,,,,,,,,,,https://cdn.shopify.com/s/files/1/0655/7417/4829/files/ChatGPTImageNov18_2025_10_32_57PM.png?v=1764437410,3,"",,,,,,,,,,,,,,,,,,,,,,,,,,,,,,,,,,,
trevo-sink-splash-guard,,,,,,,,,,,,,,,,,,,,,,,,,,,,,,,,https://cdn.shopify.com/s/files/1/0655/7417/4829/files/ChatGPTImageNov18_2025_10_37_51PM.png?v=1764437410,4,"",,,,,,,,,,,,,,,,,,,,,,,,,,,,,,,,,,,
trevo-sink-splash-guard,,,,,,,,,,,,,,,,,,,,,,,,,,,,,,,,https://cdn.shopify.com/s/files/1/0655/7417/4829/files/ChatGPTImageNov18_2025_10_42_14PM.png?v=1764437410,5,"",,,,,,,,,,,,,,,,,,,,,,,,,,,,,,,,,,,
trevo-sink-splash-guard,,,,,,,,,,,,,,,,,,,,,,,,,,,,,,,,https://cdn.shopify.com/s/files/1/0655/7417/4829/files/ChatGPTImageNov18_2025_10_46_49PM.png?v=1764437410,6,"",,,,,,,,,,,,,,,,,,,,,,,,,,,,,,,,,,,
trevo-sink-splash-guard,,,,,,,,,,,,,,,,,,,,,,,,,,,,,,,,https://cdn.shopify.com/s/files/1/0655/7417/4829/files/ChatGPTImageNov18_2025_10_46_54PM.png?v=1764437410,7,"",,,,,,,,,,,,,,,,,,,,,,,,,,,,,,,,,,,
self-adhesive-wall-hook,Self-Adhesive Wall Hook pack of 2,"<p data-start=""340"" data-end=""665"">No drills, no damage — just stick, hang, and enjoy!<br data-start=""391"" data-end=""394"">The <strong data-start=""398"" data-end=""429"">Trevo Transparent Wall Hook</strong> is your go-to home essential for effortless hanging and clean aesthetics. Designed with a <strong data-start=""520"" data-end=""543"">strong adhesive pad</strong> and <strong data-start=""548"" data-end=""572"">stainless steel hook</strong>, it holds up to <strong data-start=""589"" data-end=""598"">10 kg</strong> of weight on any smooth surface — walls, doors, tiles, or glass.</p>
<p data-start=""667"" data-end=""792"">Perfect for hanging kitchen tools, bags, towels, keys, or even your favorite hanger — all without leaving marks or residue.</p>
<p data-start=""794"" data-end=""815"">✨ <strong data-start=""796"" data-end=""813"">Key Features:</strong></p>
<ul data-start=""816"" data-end=""1153"">
<li data-start=""816"" data-end=""871"">
<p data-start=""818"" data-end=""871"">🪝 <strong data-start=""821"" data-end=""841"">Heavy-Duty Grip:</strong> Securely holds up to 10 kg.</p>
</li>
<li data-start=""872"" data-end=""941"">
<p data-start=""874"" data-end=""941"">💧 <strong data-start=""877"" data-end=""905"">Waterproof &amp; Rust-Proof:</strong> Ideal for bathrooms and kitchens.</p>
</li>
<li data-start=""942"" data-end=""1012"">
<p data-start=""944"" data-end=""1012"">🔁 <strong data-start=""947"" data-end=""967"">Reusable Design:</strong> Easy to remove and reapply without damage.</p>
</li>
<li data-start=""1013"" data-end=""1075"">
<p data-start=""1015"" data-end=""1075"">🧱 <strong data-start=""1018"" data-end=""1046"">Drill-Free Installation:</strong> Just peel, stick, and use.</p>
</li>
<li data-start=""1076"" data-end=""1153"">
<p data-start=""1078"" data-end=""1153"">👁 <strong data-start=""1081"" data-end=""1100"">Invisible Look:</strong> Transparent base blends seamlessly with any décor.</p>
</li>
</ul>",TREVO,Home & Garden > Household Supplies > Storage & Organization > Storage Hooks & Racks > Utility Hooks,Home Management,"bathroom hooks, heavy duty wall hooks, kitchen organizer, self adhesive hooks, sticky hooks, transparent wall hooks, TrevoPK, trevopk hooks, wall hanger, waterproof hooks",true,Title,Default Title,,,,,,,,TRV-ORG-SWH-01,0.0,shopify,49,deny,manual,169.00,289.00,true,false,,,,,"",https://cdn.shopify.com/s/files/1/0655/7417/4829/files/ChatGPTImageOct10_2025_04_29_57PM.png?v=1761223778,1,"",false,,,,,,,,,,,,,,,,,,,silver; clear,,,,,,,plastic; stainless-steel,,,,,kg,,,active
self-adhesive-wall-hook,,,,,,,,,,,,,,,,,,,,,,,,,,,,,,,,https://cdn.shopify.com/s/files/1/0655/7417/4829/files/ChatGPTImageOct10_2025_04_37_47PM.png?v=1761223779,2,"",,,,,,,,,,,,,,,,,,,,,,,,,,,,,,,,,,,
self-adhesive-wall-hook,,,,,,,,,,,,,,,,,,,,,,,,,,,,,,,,https://cdn.shopify.com/s/files/1/0655/7417/4829/files/ChatGPTImageOct10_2025_04_54_27PM.png?v=1761223779,3,"",,,,,,,,,,,,,,,,,,,,,,,,,,,,,,,,,,,
self-adhesive-wall-hook,,,,,,,,,,,,,,,,,,,,,,,,,,,,,,,,https://cdn.shopify.com/s/files/1/0655/7417/4829/files/ChatGPTImageOct10_2025_04_56_16PM.png?v=1761223779,4,"",,,,,,,,,,,,,,,,,,,,,,,,,,,,,,,,,,,
self-adhesive-wall-hook,,,,,,,,,,,,,,,,,,,,,,,,,,,,,,,,https://cdn.shopify.com/s/files/1/0655/7417/4829/files/ChatGPTImageOct10_2025_05_21_21PM.png?v=1761223779,5,"",,,,,,,,,,,,,,,,,,,,,,,,,,,,,,,,,,,
self-adhesive-wall-hook,,,,,,,,,,,,,,,,,,,,,,,,,,,,,,,,https://cdn.shopify.com/s/files/1/0655/7417/4829/files/ChatGPTImageOct10_2025_05_23_23PM.png?v=1761223779,6,"",,,,,,,,,,,,,,,,,,,,,,,,,,,,,,,,,,,
trevo-multi-slot-hanger,Trevo Multi-Slot Hanger (pack of 2),"<p data-start=""340"" data-end=""517"">Running out of closet space? Not anymore!<br data-start=""381"" data-end=""384"">Meet the <strong data-start=""393"" data-end=""420"">Trevo Multi-Slot Hanger</strong>, your smart solution for organizing clothes neatly while saving up to <strong data-start=""491"" data-end=""514"">80% of closet space</strong>.</p>
<p data-start=""519"" data-end=""707"">This durable and lightweight hanger features <strong data-start=""564"" data-end=""582"">multiple slots</strong> that let you hang several garments vertically or horizontally — perfect for shirts, trousers, scarves, dupattas, and more.</p>
<p data-start=""709"" data-end=""819"">Say goodbye to messy wardrobes and tangled hangers — enjoy a clean, organized, and stylish closet every day.</p>
<p data-start=""821"" data-end=""842"">✨ <strong data-start=""823"" data-end=""840"">Key Features:</strong></p>
<ul data-start=""843"" data-end=""1242"">
<li data-start=""843"" data-end=""916"">
<p data-start=""845"" data-end=""916"">🧥 <strong data-start=""848"" data-end=""871"">Space Saver Design:</strong> Store up to 5 garments on a single hanger.</p>
</li>
<li data-start=""917"" data-end=""1009"">
<p data-start=""919"" data-end=""1009"">💪 <strong data-start=""922"" data-end=""943"">Durable &amp; Strong:</strong> Made from high-quality, thick plastic that won’t bend or break.</p>
</li>
<li data-start=""1010"" data-end=""1090"">
<p data-start=""1012"" data-end=""1090"">🔄 <strong data-start=""1015"" data-end=""1038"">360° Rotating Hook:</strong> Use vertically or horizontally as per your space.</p>
</li>
<li data-start=""1091"" data-end=""1169"">
<p data-start=""1093"" data-end=""1169"">👚 <strong data-start=""1096"" data-end=""1121"">Neat &amp; Tidy Wardrobe:</strong> Keeps clothes wrinkle-free and well arranged.</p>
</li>
<li data-start=""1170"" data-end=""1242"">
<p data-start=""1172"" data-end=""1242"">🌈 <strong data-start=""1175"" data-end=""1200"">Minimal, Modern Look:</strong> Blends perfectly with any closet style.</p>
</li>
</ul>
<hr data-start=""1244"" data-end=""1247"">
<h3 data-start=""1249"" data-end=""1281"">💡 <strong data-start=""1256"" data-end=""1279"">Why You’ll Love It:</strong>
</h3>
<p data-start=""1282"" data-end=""1455"">Whether you’re organizing seasonal clothes or sharing a closet, the <strong data-start=""1350"" data-end=""1377"">Trevo Multi-Slot Hanger</strong> makes storage effortless.<br data-start=""1403"" data-end=""1406""><strong data-start=""1406"" data-end=""1455"">Smart. Stylish. Effortless. – That’s TrevoPK.</strong></p>",TREVO,Home & Garden > Household Supplies > Storage & Organization > Clothing & Closet Storage > Hangers,Closet Organizers,"closet organizer, clothes organizer, home essentials, multi slot hanger, rotating hanger, smart hanger, space saving hanger, TrevoPK, trevopk hangers, wardrobe hanger",true,Title,Default Title,,,,,,,,TRV-ORG-MSH-014,0.0,shopify,11,deny,manual,199.00,349.00,true,false,,,,,"",https://cdn.shopify.com/s/files/1/0655/7417/4829/files/ChatGPT_Image_Oct_17_2025_06_01_37_PM.png?v=1764444940,1,"",false,,,,,,,,,,,,,,,,,,,pink; green; white; multicolor; beige,,,,,,,,,,,,kg,,40.00,active
trevo-multi-slot-hanger,,,,,,,,,,,,,,,,,,,,,,,,,,,,,,,,https://cdn.shopify.com/s/files/1/0655/7417/4829/files/ChatGPT_Image_Oct_18_2025_07_23_26_PM.png?v=1764444940,2,"",,,,,,,,,,,,,,,,,,,,,,,,,,,,,,,,,,,
trevo-multi-slot-hanger,,,,,,,,,,,,,,,,,,,,,,,,,,,,,,,,https://cdn.shopify.com/s/files/1/0655/7417/4829/files/Hanger.jpg?v=1764444940,3,"",,,,,,,,,,,,,,,,,,,,,,,,,,,,,,,,,,,
trevo-multi-slot-hanger,,,,,,,,,,,,,,,,,,,,,,,,,,,,,,,,https://cdn.shopify.com/s/files/1/0655/7417/4829/files/HangerMeasurement.jpg?v=1764444940,4,"",,,,,,,,,,,,,,,,,,,,,,,,,,,,,,,,,,,
trevo-stove-burner-covers-non-stick-reusable-gas-stove-protectors,Trevo Stove Burner Covers (Pack of 2),"<p data-start=""366"" data-end=""680"">Keep your kitchen spotless with <strong data-start=""398"" data-end=""427"">Trevo Stove Burner Covers</strong> — – Non-Stick, Reusable Gas Stove Protectors, the perfect solution to prevent messy spills and oil stains! Made from <strong data-start=""501"" data-end=""542"">high-quality, heat-resistant aluminum</strong>, these covers fit perfectly around your gas burner to catch drips, food spills, and grease splatters before they burn on your stovetop.</p>
<p data-start=""682"" data-end=""704"">💧 <strong data-start=""685"" data-end=""702"">Key Features:</strong></p>
<ul data-start=""705"" data-end=""1213"">
<li data-start=""705"" data-end=""795"">
<p data-start=""707"" data-end=""795"">✅ <strong data-start=""709"" data-end=""739"">Non-Stick &amp; Easy to Clean:</strong> Simply wipe clean or replace — no scrubbing required!</p>
</li>
<li data-start=""796"" data-end=""905"">
<p data-start=""798"" data-end=""905"">🔥 <strong data-start=""801"" data-end=""827"">Heat Resistant &amp; Safe:</strong> Designed to withstand high cooking temperatures without warping or melting.</p>
</li>
<li data-start=""906"" data-end=""1001"">
<p data-start=""908"" data-end=""1001"">🍳 <strong data-start=""911"" data-end=""946"">Perfect Fit for All Gas Stoves:</strong> Adjustable inner ring fits most burner sizes easily.</p>
</li>
<li data-start=""1002"" data-end=""1110"">
<p data-start=""1004"" data-end=""1110"">🌿 <strong data-start=""1007"" data-end=""1035"">Reusable &amp; Eco-Friendly:</strong> Durable material allows for multiple uses — save money and reduce waste.</p>
</li>
<li data-start=""1111"" data-end=""1213"">
<p data-start=""1113"" data-end=""1213"">✨ <strong data-start=""1115"" data-end=""1143"">Keeps Kitchen Sparkling:</strong> Protects your stove surface from stubborn stains and burnt residue.<br><br><br></p>
</li>
</ul>",TREVO,Home & Garden > Kitchen & Dining > Kitchen Appliance Accessories > Portable Cooking Stove Accessories > Stove Bases,Stove Accessories,"aluminum stove cover, gas stove protector, kitchen cleaning tools, non-stick stove liner, reusable gas stove cover, stove burner cover, stove spill protector, TrevoPK kitchen essential",true,Title,Default Title,,,,,,,,TRV-KIT-SBC-02,100.0,shopify,0,deny,manual,99.00,129.00,true,false,,,,,"",https://cdn.shopify.com/s/files/1/0655/7417/4829/files/ChatGPT_Image_Oct_10_2025_06_03_00_PM.png?v=1761222981,1,"",false,,,,,,,,,,,,,,,,,,,gray,,,,,,,,,,,,kg,,,active
trevo-stove-burner-covers-non-stick-reusable-gas-stove-protectors,,,,,,,,,,,,,,,,,,,,,,,,,,,,,,,,https://cdn.shopify.com/s/files/1/0655/7417/4829/files/ChatGPT_Image_Oct_11_2025_11_17_23_AM.png?v=1761218069,2,"",,,,,,,,,,,,,,,,,,,,,,,,,,,,,,,,,,,
silicone-pot-holders,Silicone Pot Holders,"<p data-start=""179"" data-end=""499"">Upgrade your kitchen with these premium <strong data-start=""219"" data-end=""242"">silicone potholders</strong>, designed to give you maximum safety, grip, and control while handling hot cookware. Made from <strong data-start=""338"" data-end=""375"">high-quality, food-grade silicone</strong>, these heat-resistant mitts protect your hands from burns and slips when lifting hot pots, pans, trays, or baking dishes.</p>
<p data-start=""501"" data-end=""1045"">✅ <strong data-start=""503"" data-end=""529"">Heat Resistant &amp; Safe:</strong> Withstand high temperatures, keeping your hands safe from hot cookware and oven surfaces.<br data-start=""619"" data-end=""622"">✅ <strong data-start=""624"" data-end=""642"">Non-Slip Grip:</strong> Textured inner surface ensures a secure hold, preventing accidental drops and spills.<br data-start=""728"" data-end=""731"">✅ <strong data-start=""733"" data-end=""760"">Flexible &amp; Comfortable:</strong> Soft silicone construction allows easy movement and perfect grip without bulkiness.<br data-start=""844"" data-end=""847"">✅ <strong data-start=""849"" data-end=""867"">Easy to Clean:</strong> Simply rinse or toss them in the dishwasher — no fabric stains or odors.<br data-start=""940"" data-end=""943"">✅ <strong data-start=""945"" data-end=""972"">Compact &amp; Space-Saving:</strong> Lightweight and easy to store in any kitchen drawer or hang on a hook.</p>
<p data-start=""1047"" data-end=""1199"">Perfect for <strong data-start=""1059"" data-end=""1100"">cooking, baking, grilling, or serving</strong>, these potholders are a must-have kitchen essential that combines safety, style, and practicality.</p>",TREVO,Home & Garden > Kitchen & Dining > Kitchen Tools & Utensils > Oven Mitts & Pot Holders,"","",true,Color,gray,product.metafields.shopify.color-pattern,,,,,,,TRV-KIT-SPH-001,0.0,shopify,22,deny,manual,299.00,449.00,true,true,,,,,"",https://cdn.shopify.com/s/files/1/0655/7417/4829/files/ChatGPTImageSep8_2025_05_16_52PM.png?v=1759228290,1,"",false,,,,,,,,,,,,,,,,,,,gray,,,,,,,,,,silicone,https://cdn.shopify.com/s/files/1/0655/7417/4829/files/ChatGPT_Image_Sep_8_2025_05_34_18_PM.png?v=1759228383,kg,,150.00,active
silicone-pot-holders,,,,,,,,,,,,,,,,,,,,,,,,,,,,,,,,https://cdn.shopify.com/s/files/1/0655/7417/4829/files/ChatGPT_Image_Sep_8_2025_05_34_18_PM.png?v=1759228383,2,"",,,,,,,,,,,,,,,,,,,,,,,,,,,,,,,,,,,
silicone-pot-holders,,,,,,,,,,,,,,,,,,,,,,,,,,,,,,,,https://cdn.shopify.com/s/files/1/0655/7417/4829/files/ChatGPT_Image_Sep_30_2025_03_33_49_PM.png?v=1759228822,3,"",,,,,,,,,,,,,,,,,,,,,,,,,,,,,,,,,,,
silicone-pot-holders,,,,,,,,,,,,,,,,,,,,,,,,,,,,,,,,https://cdn.shopify.com/s/files/1/0655/7417/4829/files/ChatGPT_Image_Sep_30_2025_03_45_32_PM.png?v=1759229208,4,"",,,,,,,,,,,,,,,,,,,,,,,,,,,,,,,,,,,
silicone-lid-covers,Silicone Lid Covers (1-Pack),"<p data-end=""635"" data-start=""263"">Keep your kitchen fresh, clean, and spill-free with <strong data-end=""352"" data-start=""315"">TREVO Silicone Stretch Lid Covers</strong> — the ultimate solution to sealing bowls, pots, jars, and containers of all shapes and sizes. Made from <strong data-end=""494"" data-start=""457"">high-quality, food-grade silicone</strong>, these flexible lids create an <strong data-end=""559"" data-start=""526"">airtight, heat-resistant seal</strong> that locks in freshness, prevents leaks, and keeps your food safe longer.</p>
<p data-end=""635"" data-start=""263"">Whether you’re storing leftovers, reheating meals, or carrying food on the go, these reusable covers <strong data-end=""760"" data-start=""738"">expand and stretch</strong> for a snug fit without slipping off. They are also <strong data-end=""869"" data-start=""812"">microwave-safe, dishwasher-safe, and freezer-friendly</strong>, making them a must-have sustainable alternative to plastic wraps and foils.<br><br><strong>✨ Key Features</strong></p>
<ul>
<li style=""text-align: left;"" data-end=""1038"" data-start=""976"">🔥 <strong data-end=""998"" data-start=""979"">Heat Resistant:</strong> Safe for microwaves and hot surfaces.</li>
<li data-end=""1114"" data-start=""1041"">💧 <strong data-end=""1069"" data-start=""1044"">Spill &amp; Splash Proof:</strong> Secure airtight seal prevents messy leaks.</li>
<li data-end=""1189"" data-start=""1117"">🌱 <strong data-end=""1148"" data-start=""1120"">Reusable &amp; Eco-Friendly:</strong> Durable silicone design reduces waste.</li>
<li data-end=""1271"" data-start=""1192"">📦 <strong data-end=""1213"" data-start=""1195"">Universal Fit:</strong> Stretches to cover pots, bowls, jars, fruits, and more.</li>
<li style=""text-align: left;"" data-end=""1333"" data-start=""1274"">🧼 <strong data-end=""1295"" data-start=""1277"">Easy to Clean:</strong> Dishwasher-safe for effortless reuse.</li>
</ul>",TREVO,Home & Garden > Kitchen & Dining > Food Storage > Food Container Covers,"","",true,Title,Default Title,,,,,,,,TRV-KIT-SLC-002,0.0,shopify,6,deny,manual,299.00,449.00,true,false,,,,,"",https://cdn.shopify.com/s/files/1/0655/7417/4829/files/ChatGPTImageSep30_2025_02_45_09PM.png?v=1759226949,1,"",false,,,,,,,,,,,,,,,,,,,blue; clear,,,,,,,,round,,,,kg,,180.00,active
silicone-lid-covers,,,,,,,,,,,,,,,,,,,,,,,,,,,,,,,,https://cdn.shopify.com/s/files/1/0655/7417/4829/files/ChatGPTImageSep30_2025_02_51_03PM.png?v=1759226949,2,"",,,,,,,,,,,,,,,,,,,,,,,,,,,,,,,,,,,
silicone-lid-covers,,,,,,,,,,,,,,,,,,,,,,,,,,,,,,,,https://cdn.shopify.com/s/files/1/0655/7417/4829/files/ChatGPT_Image_Sep_30_2025_03_08_42_PM.png?v=1759226966,3,"",,,,,,,,,,,,,,,,,,,,,,,,,,,,,,,,,,,
fridge-hanging-basket,Fridge Hanging Basket,"<p data-start=""301"" data-end=""357""><strong data-start=""301"" data-end=""355"">Fridge Hanging Basket – Maximize Your Fridge Space</strong></p>
<p data-start=""359"" data-end=""662"">Keep your refrigerator neat, tidy, and spacious with our <strong data-start=""416"" data-end=""441"">Fridge Hanging Basket</strong>. Designed to hang effortlessly on fridge shelves, this basket creates extra storage space for fruits, vegetables, snacks, and other essentials. No more cluttered shelves or wasted space—organize your fridge like a pro!</p>
<p data-start=""664"" data-end=""1035"">✅ <strong data-start=""666"" data-end=""689"">Space-Saving Design</strong> – Expands your fridge’s storage capacity.<br data-start=""731"" data-end=""734"">✅ <strong data-start=""736"" data-end=""755"">Easy to Install</strong> – Simply slide and hang on existing shelves.<br data-start=""800"" data-end=""803"">✅ <strong data-start=""805"" data-end=""830"">Durable &amp; Lightweight</strong> – Made with high-quality food-grade plastic.<br data-start=""875"" data-end=""878"">✅ <strong data-start=""880"" data-end=""901"">Multi-Purpose Use</strong> – Perfect for fruits, veggies, cheese, or small packs.<br data-start=""956"" data-end=""959"">✅ <strong data-start=""961"" data-end=""985"">Keeps Food Organized</strong> – Say goodbye to messy and overcrowded shelves.</p>
<p data-start=""1037"" data-end=""1145"">A smart solution for modern kitchens—<strong data-start=""1074"" data-end=""1142"">maximize space, keep food fresh, and enjoy a clutter-free fridge</strong>.</p>",TREVO,Home & Garden > Kitchen & Dining > Food Storage > Food Storage Containers,food storage container,"fridgeorganizers, home essentials, kitchen organizer, TrevoPK",true,Title,Default Title,,,,,,,,TRV-STO-FHB-003,0.0,shopify,10,deny,manual,299.00,429.00,true,false,,,,,"",https://cdn.shopify.com/s/files/1/0655/7417/4829/files/ChatGPTImageSep30_2025_01_23_01PM.png?v=1759220730,1,"",false,,,,,,,,,,,,,,,,,,,pink; beige; white; blue,,,,plastic,,,,,,,,kg,,150.00,active
fridge-hanging-basket,,,,,,,,,,,,,,,,,,,,,,,,,,,,,,,,https://cdn.shopify.com/s/files/1/0655/7417/4829/files/ChatGPT_Image_Sep_30_2025_02_32_53_PM.png?v=1759224788,2,"",,,,,,,,,,,,,,,,,,,,,,,,,,,,,,,,,,,
fridge-hanging-basket,,,,,,,,,,,,,,,,,,,,,,,,,,,,,,,,https://cdn.shopify.com/s/files/1/0655/7417/4829/files/ChatGPT_Image_Sep_30_2025_02_48_26_PM.png?v=1759225747,3,"",,,,,,,,,,,,,,,,,,,,,,,,,,,,,,,,,,,
fridge-hanging-basket,,,,,,,,,,,,,,,,,,,,,,,,,,,,,,,,https://cdn.shopify.com/s/files/1/0655/7417/4829/files/ChatGPT_Image_Sep_30_2025_03_00_32_PM.png?v=1759226508,4,"",,,,,,,,,,,,,,,,,,,,,,,,,,,,,,,,,,,
fridge-hanging-basket,,,,,,,,,,,,,,,,,,,,,,,,,,,,,,,,https://cdn.shopify.com/s/files/1/0655/7417/4829/files/FridgeBasket.jpg?v=1763654116,5,"",,,,,,,,,,,,,,,,,,,,,,,,,,,,,,,,,,,
fridge-hanging-basket,,,,,,,,,,,,,,,,,,,,,,,,,,,,,,,,https://cdn.shopify.com/s/files/1/0655/7417/4829/files/tokri.jpg?v=1763654116,6,"",,,,,,,,,,,,,,,,,,,,,,,,,,,,,,,,,,,
disposable-drain-cover,Disposable Drain Cover,"<p data-end=""167"" data-start=""102""><strong data-end=""165"" data-start=""102"">Disposable Drain Cover – Keep Your Drains Clean &amp; Clog-Free 1 pack Contains 5 Pieces</strong></p>
<p data-end=""488"" data-start=""169"">Say goodbye to messy clogs and costly plumbing issues with our <strong data-end=""258"" data-start=""232"">Disposable Drain Cover</strong>. Designed for convenience and hygiene, this cover effectively traps hair, food particles, and debris before they enter your drain. Simply place it over your sink, shower, or bathtub drain, and once it’s full—just dispose of it.<br><br></p>
<p data-end=""766"" data-start=""490"">✅ <strong data-end=""507"" data-start=""492"">Easy to Use</strong> – No installation required, just place and remove.<br data-end=""561"" data-start=""558"">✅ <strong data-end=""588"" data-start=""563"">Hygienic &amp; Disposable</strong> – Prevents buildup and odors.<br data-end=""621"" data-start=""618"">✅ <strong data-end=""640"" data-start=""623"">Universal Fit</strong> – Works on most sinks, showers, and bathroom drains.<br data-end=""696"" data-start=""693"">✅ <strong data-end=""716"" data-start=""698"">Cost-Effective</strong> – Save money on plumbing and cleaning services.</p>
<p data-end=""913"" data-start=""768"">Perfect for homes, hostels, salons, or anywhere drain clogs are a hassle. Keep your drains flowing freely with this simple, effective solution.<br><strong>Package Include : 5 Covers in 1 pack</strong><br></p>",TREVO,Hardware > Plumbing > Plumbing Fixture Hardware & Parts > Drain Components > Drain Covers & Strainers,"","",true,Title,Default Title,,,,,,,,TRV-KIT-DDC-004,0.0,shopify,47,deny,manual,199.00,329.00,true,false,,,,,"",https://cdn.shopify.com/s/files/1/0655/7417/4829/files/1_1_8f098d6a-0e88-427a-9d18-d6d9058b9fe7.png?v=1759211149,1,"",false,,,,,,,,,,,,,,,,,,,gray,,,,,,,,,,,,kg,,15.00,active
disposable-drain-cover,,,,,,,,,,,,,,,,,,,,,,,,,,,,,,,,https://cdn.shopify.com/s/files/1/0655/7417/4829/files/2_86e8556d-0f45-4375-8f99-ad60a265b0aa.png?v=1759211149,2,"",,,,,,,,,,,,,,,,,,,,,,,,,,,,,,,,,,,
disposable-drain-cover,,,,,,,,,,,,,,,,,,,,,,,,,,,,,,,,https://cdn.shopify.com/s/files/1/0655/7417/4829/files/3_1_d47fa8b4-76e5-4eb0-a57c-e6479123b511.png?v=1759211149,3,"",,,,,,,,,,,,,,,,,,,,,,,,,,,,,,,,,,,
disposable-drain-cover,,,,,,,,,,,,,,,,,,,,,,,,,,,,,,,,https://cdn.shopify.com/s/files/1/0655/7417/4829/files/4_1_4f6796d6-67c4-42b3-929e-48510498868f.png?v=1759211149,4,"",,,,,,,,,,,,,,,,,,,,,,,,,,,,,,,,,,,
closetease-storage-bag,ClosetEase Storage Bag,"<h3 data-start=""143"" data-end=""172"">ClosetEase™ Storage Bag</h3>
<p data-start=""173"" data-end=""223""><strong data-start=""173"" data-end=""219"">Keep Your Wardrobe Neat, Clean &amp; Organized</strong> ✨</p>
<p data-start=""225"" data-end=""475"">Say goodbye to cluttered wardrobes and messy spaces! The <strong data-start=""282"" data-end=""309"">ClosetEase™ Storage Bag</strong> is designed to give your clothes a safe, dust-free, and organized home. Perfect for storing seasonal clothes, blankets, bedding, and more — all while saving space.</p>
<p data-start=""477"" data-end=""886"">✅ <strong data-start=""479"" data-end=""500"">Spacious Capacity</strong> – Store clothes, comforters, and linens with ease.<br data-start=""551"" data-end=""554"">✅ <strong data-start=""556"" data-end=""576"">Premium Material</strong> – Made with durable, breathable fabric to keep clothes fresh.<br data-start=""638"" data-end=""641"">✅ <strong data-start=""643"" data-end=""665"">Transparent Window</strong> – Quickly find what you need without opening every bag.<br data-start=""721"" data-end=""724"">✅ <strong data-start=""726"" data-end=""754"">Strong Zippers &amp; Handles</strong> – Built for long-lasting use and easy carrying.<br data-start=""802"" data-end=""805"" data-is-only-node="""">✅ <strong data-start=""807"" data-end=""826"">Foldable Design</strong> – Collapses flat when not in use, saving even more space.</p>
<p data-start=""888"" data-end=""1055"">Whether you’re organizing your wardrobe, moving homes, or packing away seasonal items, the <strong data-start=""979"" data-end=""1006"">ClosetEase™ Storage Bag</strong> is your go-to solution for effortless storage.</p>
<p data-start=""1057"" data-end=""1128""><strong data-start=""1057"" data-end=""1126"">✔ Perfect for: Bedrooms | Wardrobes | Shelves | Under-bed storage</strong></p>",TREVO,Home & Garden > Household Supplies > Storage & Organization > Clothing & Closet Storage,"","",true,Color,gray,product.metafields.shopify.color-pattern,,,,,,,TRV-ORG-CSB-005,0.0,shopify,3,deny,manual,299.00,459.00,true,true,,,,,"",https://cdn.shopify.com/s/files/1/0655/7417/4829/files/6.png?v=1759209718,1,"",false,,,,,,,,,,,,,,,,other,,,gray,,,,,,,,,,,https://cdn.shopify.com/s/files/1/0655/7417/4829/files/organizer_image_3.png?v=1759210657,kg,,180.00,active
closetease-storage-bag,,,,,,,,,,,,,,,,,,,,,,,,,,,,,,,,https://cdn.shopify.com/s/files/1/0655/7417/4829/files/ChatGPTImageSep27_2025_11_35_00PM.png?v=1759209718,2,"",,,,,,,,,,,,,,,,,,,,,,,,,,,,,,,,,,,
closetease-storage-bag,,,,,,,,,,,,,,,,,,,,,,,,,,,,,,,,https://cdn.shopify.com/s/files/1/0655/7417/4829/files/ChatGPTImageSep26_2025_04_54_28PM.png?v=1759210657,3,"",,,,,,,,,,,,,,,,,,,,,,,,,,,,,,,,,,,
closetease-storage-bag,,,,,,,,,,,,,,,,,,,,,,,,,,,,,,,,https://cdn.shopify.com/s/files/1/0655/7417/4829/files/pack_of_3.png?v=1759210657,4,"",,,,,,,,,,,,,,,,,,,,,,,,,,,,,,,,,,,
closetease-storage-bag,,,,,,,,,,,,,,,,,,,,,,,,,,,,,,,,https://cdn.shopify.com/s/files/1/0655/7417/4829/files/org_5.png?v=1759210657,5,"",,,,,,,,,,,,,,,,,,,,,,,,,,,,,,,,,,,
closetease-storage-bag,,,,,,,,,,,,,,,,,,,,,,,,,,,,,,,,https://cdn.shopify.com/s/files/1/0655/7417/4829/files/ChatGPTImageSep26_2025_04_50_52PM.png?v=1759210657,6,"",,,,,,,,,,,,,,,,,,,,,,,,,,,,,,,,,,,
closetease-storage-bag,,,,,,,,,,,,,,,,,,,,,,,,,,,,,,,,https://cdn.shopify.com/s/files/1/0655/7417/4829/files/organizer_image_3.png?v=1759210657,7,"",,,,,,,,,,,,,,,,,,,,,,,,,,,,,,,,,,,
closetease-storage-bag,,,,,,,,,,,,,,,,,,,,,,,,,,,,,,,,https://cdn.shopify.com/s/files/1/0655/7417/4829/files/7.png?v=1759210657,8,"",,,,,,,,,,,,,,,,,,,,,,,,,,,,,,,,,,,
magic-cleaner,Magic Cleaner Wiper,"<h3 data-start=""91"" data-end=""153"">Streak-Free Cleaning Made Simple</h3>
<p data-start=""155"" data-end=""449"">Make cleaning fast, effortless, and satisfying with the <strong data-start=""211"" data-end=""234"">Magic Cleaner Wiper</strong> — your all-in-one solution for spotless surfaces. Designed with a flexible silicone blade and ergonomic handle, this powerful tool quickly removes water, dust, and stains <strong data-start=""406"" data-end=""447"">without leaving streaks or scratches.</strong></p>
<p data-start=""451"" data-end=""1010"">✅ <strong data-start=""453"" data-end=""475"">Streak-Free Shine:</strong> Wipes away water and dirt from glass, mirrors, tiles, and countertops in one smooth motion.<br data-start=""567"" data-end=""570"">✅ <strong data-start=""572"" data-end=""594"">Multi-Surface Use:</strong> Perfect for windows, bathroom mirrors, kitchen shelves, shower doors, car windshields, and more.<br data-start=""691"" data-end=""694"">✅ <strong data-start=""696"" data-end=""722"">Compact &amp; Lightweight:</strong> Easy to store and handle, making daily cleaning quicker and more convenient.<br data-start=""799"" data-end=""802"">✅ <strong data-start=""804"" data-end=""831"">Durable &amp; Long-Lasting:</strong> Made with premium quality materials that resist wear and tear for extended use.<br data-start=""911"" data-end=""914"">✅ <strong data-start=""916"" data-end=""940"">Effortless Cleaning:</strong> Cuts cleaning time in half — just swipe and watch the magic happen!</p>
<p data-start=""1012"" data-end=""1190"">Whether it’s for your kitchen, bathroom, or windows, the <strong data-start=""1069"" data-end=""1092"">Magic Cleaner Wiper</strong> turns tough cleaning into a quick and satisfying task — leaving every surface sparkling clean. 🌟</p>",TREVO,Home & Garden > Household Supplies > Household Cleaning Supplies,"","",true,Title,Default Title,,,,,,,,TRV-CLN-MCW-006,0.0,shopify,10,deny,manual,229.00,329.00,true,false,,,,,"",https://cdn.shopify.com/s/files/1/0655/7417/4829/files/WhatsApp_Image_2025-09-28_at_5.25.51_PM.jpg?v=1760356646,1,"",false,,,,,,,,,,,,,,,,,,,white,,,,,,,,,,,,kg,,120.00,active
magic-cleaner,,,,,,,,,,,,,,,,,,,,,,,,,,,,,,,,https://cdn.shopify.com/s/files/1/0655/7417/4829/files/ChatGPTImageSep15_2025_10_37_01AM.png?v=1760356646,2,"",,,,,,,,,,,,,,,,,,,,,,,,,,,,,,,,,,,
magic-cleaner,,,,,,,,,,,,,,,,,,,,,,,,,,,,,,,,https://cdn.shopify.com/s/files/1/0655/7417/4829/files/WhatsApp_Image_2025-09-28_at_5.25.51_PM_1.jpg?v=1760356646,3,"",,,,,,,,,,,,,,,,,,,,,,,,,,,,,,,,,,,
magic-cleaner,,,,,,,,,,,,,,,,,,,,,,,,,,,,,,,,https://cdn.shopify.com/s/files/1/0655/7417/4829/files/WhatsApp_Image_2025-09-28_at_5.25.51_PM_2.jpg?v=1760356646,4,"",,,,,,,,,,,,,,,,,,,,,,,,,,,,,,,,,,,
magic-cleaner,,,,,,,,,,,,,,,,,,,,,,,,,,,,,,,,https://cdn.shopify.com/s/files/1/0655/7417/4829/files/WhatsApp_Image_2025-09-28_at_5.25.52_PM.jpg?v=1760356646,5,"",,,,,,,,,,,,,,,,,,,,,,,,,,,,,,,,,,,
magic-cleaner,,,,,,,,,,,,,,,,,,,,,,,,,,,,,,,,https://cdn.shopify.com/s/files/1/0655/7417/4829/files/ChatGPTImageSep15_2025_12_19_58PM.png?v=1760356646,6,"",,,,,,,,,,,,,,,,,,,,,,,,,,,,,,,,,,,
magic-cleaner,,,,,,,,,,,,,,,,,,,,,,,,,,,,,,,,https://cdn.shopify.com/s/files/1/0655/7417/4829/files/WhatsApp_Image_2025-09-15_at_12.11.52_PM_1.jpg?v=1760356646,7,"",,,,,,,,,,,,,,,,,,,,,,,,,,,,,,,,,,,
magic-cleaner,,,,,,,,,,,,,,,,,,,,,,,,,,,,,,,,https://cdn.shopify.com/s/files/1/0655/7417/4829/files/WhatsApp_Image_2025-09-15_at_12.11.52_PM.jpg?v=1760356646,8,"",,,,,,,,,,,,,,,,,,,,,,,,,,,,,,,,,,,
magic-cleaner,,,,,,,,,,,,,,,,,,,,,,,,,,,,,,,,https://cdn.shopify.com/s/files/1/0655/7417/4829/files/wiper.jpg?v=1763654116,9,"",,,,,,,,,,,,,,,,,,,,,,,,,,,,,,,,,,,
smartclean,SmartClean Silicone Spounge,"<h3 data-start=""95"" data-end=""160"">🧼 <strong data-start=""102"" data-end=""160"">Silicone Dish Soap Brush – 2-in-1 Scrubber &amp; Dispenser</strong>
</h3>
<p data-start=""162"" data-end=""207""><strong data-start=""162"" data-end=""205"">Effortless Dishwashing, All in One Tool</strong></p>
<p data-start=""209"" data-end=""483"">Say goodbye to messy sinks and stubborn grease with our innovative <strong data-start=""276"" data-end=""305"">Silicone Dish Soap Brush.</strong> This clever 2-in-1 tool combines a soft yet powerful silicone scrubber with a built-in soap dispenser — giving you a faster, cleaner, and more hygienic dishwashing experience.</p>
<p data-start=""485"" data-end=""1056"">✅ <strong data-start=""487"" data-end=""505"">2-in-1 Design:</strong> Built-in soap dispenser releases detergent with a gentle press, saving time and effort.<br data-start=""593"" data-end=""596"">✅ <strong data-start=""598"" data-end=""629"">Soft, Non-Scratch Bristles:</strong> Made of high-quality food-grade silicone — tough on grease but safe for non-stick pans, plates, and glassware.<br data-start=""740"" data-end=""743"">✅ <strong data-start=""745"" data-end=""771"">Ergonomic &amp; Easy Grip:</strong> Lightweight, comfortable to hold, and designed for one-hand use.<br data-start=""836"" data-end=""839"">✅ <strong data-start=""841"" data-end=""869"" data-is-only-node="""">Hygienic &amp; Quick-Drying:</strong> Silicone material resists bacteria, dries quickly, and is easy to rinse clean.<br data-start=""948"" data-end=""951"">✅ <strong data-start=""953"" data-end=""975"">Multi-Purpose Use:</strong> Perfect for dishes, utensils, pots, kitchen sinks, and even bathroom surfaces.</p>",TREVO,Home & Garden > Household Supplies > Household Cleaning Supplies > Scrub Brushes,Kitchen accessories,"brush, cleanliness, home essentials",true,Title,Default Title,,,,,,,,TRV-CLN-SMC-007,0.0,shopify,24,deny,manual,299.00,429.00,true,false,,,,,"",https://cdn.shopify.com/s/files/1/0655/7417/4829/files/ChatGPTImageSep24_2025_11_20_51PM.png?v=1764500848,1,"",false,,,,,,,,,,,,,,,,,silicone,glass-surfaces; kitchen-sinks; hard-surfaces; bathroom-fixtures,white; yellow; green,,wet,,,,,,,,,,kg,,170.00,active
smartclean,,,,,,,,,,,,,,,,,,,,,,,,,,,,,,,,https://cdn.shopify.com/s/files/1/0655/7417/4829/files/WhatsApp_Image_2025-10-23_at_5.05.45_PM.jpg?v=1764500848,2,"",,,,,,,,,,,,,,,,,,,,,,,,,,,,,,,,,,,
smartclean,,,,,,,,,,,,,,,,,,,,,,,,,,,,,,,,https://cdn.shopify.com/s/files/1/0655/7417/4829/files/ChatGPTImageSep24_2025_11_11_17PM.png?v=1764500848,3,"",,,,,,,,,,,,,,,,,,,,,,,,,,,,,,,,,,,
smartclean,,,,,,,,,,,,,,,,,,,,,,,,,,,,,,,,https://cdn.shopify.com/s/files/1/0655/7417/4829/files/ChatGPTImageSep24_2025_11_13_44PM.png?v=1764500848,4,"",,,,,,,,,,,,,,,,,,,,,,,,,,,,,,,,,,,
smartclean,,,,,,,,,,,,,,,,,,,,,,,,,,,,,,,,https://cdn.shopify.com/s/files/1/0655/7417/4829/files/spounge.jpg?v=1764500848,5,"",,,,,,,,,,,,,,,,,,,,,,,,,,,,,,,,,,,
easy-filter-stainless-steel,Easy Filter – Stainless Steel,"<p data-start=""147"" data-end=""180""><strong data-start=""147"" data-end=""180"">Effortless Flavor. Zero Mess.</strong></p>
<p data-start=""182"" data-end=""491"">Make your soups, curries, broths, and teas cleaner and more flavorful with our premium <strong data-start=""269"" data-end=""309"">Easy Filter Stainless Steel Infuser.</strong> Designed to hold whole spices, herbs, cloves, cardamom, and other seasonings, this smart kitchen tool keeps your dishes infused with rich aroma <strong data-start=""454"" data-end=""489"">without leaving residue behind.</strong></p>
<p data-start=""493"" data-end=""1037"">✅ <strong data-start=""495"" data-end=""523"">Premium Stainless Steel:</strong> Rust-resistant, durable, and built to last even with daily use.<br data-start=""587"" data-end=""590"">✅ <strong data-start=""592"" data-end=""614"">Mess-Free Cooking:</strong> Infuse your meals with whole spices and herbs while keeping them contained — no more fishing them out later.<br data-start=""723"" data-end=""726"">✅ <strong data-start=""728"" data-end=""749"">Fine Mesh Design:</strong> Allows maximum flavor release while preventing particles from leaking into your dish.<br data-start=""835"" data-end=""838"">✅ <strong data-start=""840"" data-end=""862"" data-is-only-node="""">Multi-Purpose Use:</strong> Perfect for soups, curries, teas, stews, stocks, and herbal infusions.<br data-start=""933"" data-end=""936"">✅ <strong data-start=""938"" data-end=""962"">Easy to Use &amp; Clean:</strong> Simply fill, close, steep, and rinse. Dishwasher-safe for quick cleanup.</p>
<p data-start=""1039"" data-end=""1214"">Whether you’re preparing a hearty soup or brewing herbal tea, the <strong data-start=""1105"" data-end=""1144"">Easy Filter Stainless Steel Infuser</strong> makes cooking more convenient, flavorful, and <strong data-start=""1191"" data-end=""1214"">effortlessly clean.</strong></p>",TREVO,Home & Garden > Kitchen & Dining > Kitchen Tools & Utensils > Colanders & Strainers > Strainers,strainers in colanders & strainers,"aluminium, bathroom hooks, closet organizer, home essentials, strainer",true,Title,Default Title,,,,,,,,TRV-KIT-EFS-008,0.0,shopify,14,deny,manual,399.00,549.00,true,false,,,,,"",https://cdn.shopify.com/s/files/1/0655/7417/4829/files/ChatGPTImageSep24_2025_10_43_36PM.png?v=1758803080,1,"",false,,,,,,,,,,,,,,,,,,,gray,,,,,,,,,,stainless-steel,,kg,,260.00,active
easy-filter-stainless-steel,,,,,,,,,,,,,,,,,,,,,,,,,,,,,,,,https://cdn.shopify.com/s/files/1/0655/7417/4829/files/ChatGPTImageSep24_2025_10_53_00PM.png?v=1758803081,2,"",,,,,,,,,,,,,,,,,,,,,,,,,,,,,,,,,,,
easy-filter-stainless-steel,,,,,,,,,,,,,,,,,,,,,,,,,,,,,,,,https://cdn.shopify.com/s/files/1/0655/7417/4829/files/ChatGPTImageSep24_2025_11_09_34PM.png?v=1758803215,3,"",,,,,,,,,,,,,,,,,,,,,,,,,,,,,,,,,,,
easy-filter-stainless-steel,,,,,,,,,,,,,,,,,,,,,,,,,,,,,,,,https://cdn.shopify.com/s/files/1/0655/7417/4829/files/easyFilter.jpg?v=1763654116,4,"",,,,,,,,,,,,,,,,,,,,,,,,,,,,,,,,,,,
spoon-rest,Spoon Rest,"<p data-start=""195"" data-end=""435"">Make cooking cleaner and more convenient with our <strong data-start=""245"" data-end=""267"">premium Spoon Rest</strong>, designed to hold your spoons, ladles, and utensils while you cook. No more messy countertops — simply place your utensil on the rest and keep your kitchen spotless.</p>
<p data-start=""437"" data-end=""456""><strong data-start=""437"" data-end=""454"">Key Features:</strong></p>
<ul data-start=""457"" data-end=""1008"">
<li data-start=""457"" data-end=""565"">
<p data-start=""459"" data-end=""565"">✅ <strong data-start=""461"" data-end=""490"">Heat-Resistant &amp; Durable:</strong> Built to withstand high cooking temperatures without warping or melting.</p>
</li>
<li data-start=""566"" data-end=""678"">
<p data-start=""568"" data-end=""678"">🧼 <strong data-start=""571"" data-end=""589"">Easy to Clean:</strong> Smooth, non-stick surface wipes clean effortlessly or can be placed in the dishwasher.</p>
</li>
<li data-start=""679"" data-end=""781"">
<p data-start=""681"" data-end=""781"">🪄 <strong data-start=""684"" data-end=""702"">Non-Slip Base:</strong> Stays firmly in place on your countertop, even during busy cooking sessions.</p>
</li>
<li data-start=""782"" data-end=""896"">
<p data-start=""784"" data-end=""896"">🍴 <strong data-start=""787"" data-end=""813"">Multiple Slots Design:</strong> Holds multiple utensils at once — perfect for spoons, spatulas, tongs, and more.</p>
</li>
<li data-start=""897"" data-end=""1008"">
<p data-start=""899"" data-end=""1008"">🪶 <strong data-start=""902"" data-end=""929"">Compact &amp; Space-Saving:</strong> Sleek design fits seamlessly into any kitchen setup without taking up space.</p>
</li>
</ul>
<p data-start=""1010"" data-end=""1098"">✨ <strong data-start=""1012"" data-end=""1096"">Say goodbye to countertop mess and hello to a more organized cooking experience!</strong></p>",TREVO,Home & Garden > Kitchen & Dining > Kitchen Tools & Utensils > Spoon Rests,"","",true,Title,Default Title,,,,,,,,TRV-KIT-SPR-009,0.0,shopify,0,deny,manual,99.00,129.00,true,false,,,,,"",https://cdn.shopify.com/s/files/1/0655/7417/4829/files/ChatGPTImageSep24_2025_09_44_28PM_b3c81160-0023-40ae-acf8-99d12dd164fc.png?v=1758790213,1,"",false,,,,,,,,,,,,,,,,,,,yellow; black; red; green,,,,,,,,,,plastic,,kg,,55.00,active
spoon-rest,,,,,,,,,,,,,,,,,,,,,,,,,,,,,,,,https://cdn.shopify.com/s/files/1/0655/7417/4829/files/ChatGPTImageSep24_2025_09_54_08PM_835caadc-1a8e-41de-bfca-6e0a199e5119.png?v=1758790450,2,"",,,,,,,,,,,,,,,,,,,,,,,,,,,,,,,,,,,
spoon-rest,,,,,,,,,,,,,,,,,,,,,,,,,,,,,,,,https://cdn.shopify.com/s/files/1/0655/7417/4829/files/ChatGPTImageSep24_2025_09_57_21PM_d45ade40-45b7-45af-b85f-9bb7fb6657a2.png?v=1758790408,3,"",,,,,,,,,,,,,,,,,,,,,,,,,,,,,,,,,,,
spoon-rest,,,,,,,,,,,,,,,,,,,,,,,,,,,,,,,,https://cdn.shopify.com/s/files/1/0655/7417/4829/files/ChatGPTImageSep24_2025_10_34_55PM_e212b5bf-76e9-47a6-901a-4c8e39761fd3.png?v=1758790450,4,"",,,,,,,,,,,,,,,,,,,,,,,,,,,,,,,,,,,
spoon-rest,,,,,,,,,,,,,,,,,,,,,,,,,,,,,,,,https://cdn.shopify.com/s/files/1/0655/7417/4829/files/ChatGPTImageSep24_2025_10_36_48PM_3e65ffc3-0363-4e45-bfb7-29650e240fb8.png?v=1758790409,5,"",,,,,,,,,,,,,,,,,,,,,,,,,,,,,,,,,,,
spoon-rest,,,,,,,,,,,,,,,,,,,,,,,,,,,,,,,,https://cdn.shopify.com/s/files/1/0655/7417/4829/files/SpoonRest.jpg?v=1763654116,6,"",,,,,,,,,,,,,,,,,,,,,,,,,,,,,,,,,,,
multifunction-hand-chopper,Multifunction Hand Chopper,"<p data-start=""91"" data-end=""527"">Experience effortless chopping with the <strong data-start=""157"" data-end=""193"">TREVO Multifunction Hand Chopper</strong> – your ultimate kitchen companion for quick meal prep. Designed with sharp, durable stainless-steel blades, it easily handles vegetables, fruits, nuts, and even meat. The <strong data-start=""365"" data-end=""398"">ergonomic hand-pull mechanism</strong> ensures powerful chopping with minimal effort, while the <strong data-start=""456"" data-end=""487"">compact, lightweight design</strong> makes it convenient for everyday use.</p>
<p data-start=""529"" data-end=""886"">Its <strong data-start=""533"" data-end=""553"">transparent body</strong> allows you to monitor consistency, whether you need fine mincing or coarse chopping. The <strong data-start=""643"" data-end=""678"">easy-to-clean, detachable parts</strong> save time in the kitchen, and its <strong data-start=""713"" data-end=""730"">non-slip base</strong> keeps it steady during use. Perfect for salads, sauces, garnishes, and more – this chopper brings speed, safety, and versatility to your cooking routine.</p>",TREVO,Home & Garden > Kitchen & Dining > Kitchen Tools & Utensils > Kitchen Slicers,kitchen slicers,"home essentials, kitchen organizer",true,Material,Plastic,,,,,,,,TRV-KIT-MHC-010,0.0,shopify,4,deny,manual,699.00,1039.00,true,true,,,,,"",https://cdn.shopify.com/s/files/1/0655/7417/4829/files/ChatGPT_Image_Sep_10_2025_09_44_29_PM.png?v=1758648075,1,"",false,,,,,,,,,,,,,,,,,,,white; multicolor; clear,,,,,,,,,,,,kg,,,active
multifunction-hand-chopper,,,,,,,,,,,,,,,,,,,,,,,,,,,,,,,,https://cdn.shopify.com/s/files/1/0655/7417/4829/files/ChatGPT_Image_Sep_10_2025_09_55_30_PM.png?v=1758648076,2,"",,,,,,,,,,,,,,,,,,,,,,,,,,,,,,,,,,,
multifunction-hand-chopper,,,,,,,,,,,,,,,,,,,,,,,,,,,,,,,,https://cdn.shopify.com/s/files/1/0655/7417/4829/files/ChatGPT_Image_Sep_10_2025_10_28_19_PM.png?v=1758648075,3,"",,,,,,,,,,,,,,,,,,,,,,,,,,,,,,,,,,,
multifunction-hand-chopper,,,,,,,,,,,,,,,,,,,,,,,,,,,,,,,,https://cdn.shopify.com/s/files/1/0655/7417/4829/files/ChatGPT_Image_Sep_10_2025_09_44_42_PM.png?v=1758648077,4,"",,,,,,,,,,,,,,,,,,,,,,,,,,,,,,,,,,,
multifunction-hand-chopper,,,,,,,,,,,,,,,,,,,,,,,,,,,,,,,,https://cdn.shopify.com/s/files/1/0655/7417/4829/files/ChatGPT_Image_Sep_10_2025_09_50_07_PM.png?v=1758648078,5,"",,,,,,,,,,,,,,,,,,,,,,,,,,,,,,,,,,,
silicone-handgloves,Silicone HandGloves,"<p data-end=""516"" data-start=""241"">Make your everyday cleaning <strong data-end=""315"" data-start=""269"">faster, easier, and completely hassle-free</strong> with these premium-quality <strong data-end=""373"" data-start=""343"">Silicone Brush Hand Gloves</strong>. Designed with soft, built-in scrubbing bristles, these gloves allow you to <strong data-end=""476"" data-start=""450"">wash, scrub, and clean</strong> without using extra sponges or brushes.</p>
<p data-end=""693"" data-start=""518"">These reusable gloves are made from <strong data-end=""582"" data-start=""554"">100% food-grade silicone</strong>, making them safe, durable, heat-resistant, and perfect for all kinds of kitchen and household cleaning tasks.</p>
<h3 data-end=""726"" data-start=""695""><strong data-end=""726"" data-start=""699"">💡 Why You’ll Love Them</strong></h3>
<ul data-end=""1367"" data-start=""727"">
<li data-end=""850"" data-start=""727"">
<p data-end=""850"" data-start=""729"">🧽 <strong data-end=""762"" data-start=""732"">Built-In Scrubber Bristles</strong> – No need for separate sponges! Thick silicone bristles help deep clean every corner.</p>
</li>
<li data-end=""934"" data-start=""851"">
<p data-end=""934"" data-start=""853"">💧 <strong data-end=""874"" data-start=""856"">Anti-Slip Grip</strong> – Ensures strong control even when washing greasy dishes.</p>
</li>
<li data-end=""1022"" data-start=""935"">
<p data-end=""1022"" data-start=""937"">🔥 <strong data-end=""958"" data-start=""940"">Heat Resistant</strong> – Safe to use with hot water, allowing better grease removal.</p>
</li>
<li data-end=""1107"" data-start=""1023"">
<p data-end=""1107"" data-start=""1025"">🧤 <strong data-end=""1054"" data-start=""1028"">Comfortable &amp; Flexible</strong> – Stretchable material fits all hand sizes easily.</p>
</li>
<li data-end=""1197"" data-start=""1108"">
<p data-end=""1197"" data-start=""1110"">♻️ <strong data-end=""1140"" data-start=""1113"">Reusable &amp; Long-Lasting</strong> – Eco-friendly gloves that can be washed &amp; used again.</p>
</li>
<li data-end=""1277"" data-start=""1198"">
<p data-end=""1277"" data-start=""1200"">🦠 <strong data-end=""1230"" data-start=""1203"">Hygienic &amp; Quick-Drying</strong> – Doesn’t hold bacteria like fabric sponges.</p>
</li>
<li data-end=""1367"" data-start=""1278"">
<p data-end=""1367"" data-start=""1280"">🏡 <strong data-end=""1304"" data-start=""1283"">Multi-Purpose Use</strong> – From kitchen cleaning to pet bathing, it’s a must-have tool.</p>
</li>
</ul>
<h3 data-end=""1390"" data-start=""1369""><strong data-end=""1390"" data-start=""1373"">✨ Perfect For</strong></h3>
<ul data-end=""1586"" data-start=""1391"">
<li data-end=""1406"" data-start=""1391"">
<p data-end=""1406"" data-start=""1393"">Dishwashing</p>
</li>
<li data-end=""1448"" data-start=""1407"">
<p data-end=""1448"" data-start=""1409"">Cleaning kitchen slabs, sinks &amp; tiles</p>
</li>
<li data-end=""1480"" data-start=""1449"">
<p data-end=""1480"" data-start=""1451"">Washing vegetables &amp; fruits</p>
</li>
<li data-end=""1512"" data-start=""1481"">
<p data-end=""1512"" data-start=""1483"">Scrubbing bathroom surfaces</p>
</li>
<li data-end=""1537"" data-start=""1513"">
<p data-end=""1537"" data-start=""1515"">Car wash &amp; bike wash</p>
</li>
<li data-end=""1555"" data-start=""1538"">
<p data-end=""1555"" data-start=""1540"">Grooming pets</p>
</li>
<li data-end=""1586"" data-start=""1556"">
<p data-end=""1586"" data-start=""1558"">Dusting &amp; general cleaning</p>
</li>
</ul>
<h3 data-end=""1617"" data-start=""1588""><strong data-end=""1617"" data-start=""1592"">🌟 Product Highlights</strong></h3>
<ul data-end=""1780"" data-start=""1618"">
<li data-end=""1651"" data-start=""1618"">
<p data-end=""1651"" data-start=""1620"">Material: Food-Grade Silicone</p>
</li>
<li data-end=""1673"" data-start=""1652"">
<p data-end=""1673"" data-start=""1654"">One Size Fits All</p>
</li>
<li data-end=""1712"" data-start=""1674"">
<p data-end=""1712"" data-start=""1676"">Temperature Resistant: Up to 160°C</p>
</li>
<li data-end=""1745"" data-start=""1713"">
<p data-end=""1745"" data-start=""1715"">Available in Multiple Colors</p>
</li>
<li data-end=""1780"" data-start=""1746"">
<p data-end=""1780"" data-start=""1748"">Super elastic &amp; tear-resistant</p>
</li>
</ul>
<hr data-end=""1785"" data-start=""1782"">
<p data-is-only-node="""" data-is-last-node="""" data-end=""1907"" data-start=""1787""> </p>",TREVO,Home & Garden > Household Supplies > Household Cleaning Supplies > Cleaning Gloves,"","",true,Title,Default Title,,,,,,,,TRV-CLN-SHG-011,0.0,shopify,35,deny,manual,319.00,499.00,true,false,,,,,"",https://cdn.shopify.com/s/files/1/0655/7417/4829/files/ChatGPT_Image_Sep_27_2025_10_31_36_PM.png?v=1758998438,1,"",false,,,,,,,,,,,,,,,,,,,blue; purple; pink; green,,,,,silicone,,,,,,,kg,,220.00,active
silicone-handgloves,,,,,,,,,,,,,,,,,,,,,,,,,,,,,,,,https://cdn.shopify.com/s/files/1/0655/7417/4829/files/ChatGPT_Image_Sep_27_2025_10_34_24_PM.png?v=1758998438,2,"",,,,,,,,,,,,,,,,,,,,,,,,,,,,,,,,,,,
silicone-handgloves,,,,,,,,,,,,,,,,,,,,,,,,,,,,,,,,https://cdn.shopify.com/s/files/1/0655/7417/4829/files/ChatGPT_Image_Sep_27_2025_11_09_40_PM.png?v=1758998438,3,"",,,,,,,,,,,,,,,,,,,,,,,,,,,,,,,,,,,
silicone-handgloves,,,,,,,,,,,,,,,,,,,,,,,,,,,,,,,,https://cdn.shopify.com/s/files/1/0655/7417/4829/files/ChatGPT_Image_Sep_27_2025_10_38_29_PM.png?v=1758996992,4,"",,,,,,,,,,,,,,,,,,,,,,,,,,,,,,,,,,,
360-rotating-hooks,360° Rotating Hooks,"<p data-start=""98"" data-end=""254"">🔄 <strong data-start=""101"" data-end=""118"">360° Rotation</strong><br data-start=""118"" data-end=""121"">Easily rotate in any direction to hang or remove items without hassle. Perfect for flexible use in kitchens, bathrooms, or closets.</p>
<p data-start=""256"" data-end=""398"">🧲 <strong data-start=""259"" data-end=""278"">Strong Adhesive</strong><br data-start=""278"" data-end=""281"">High-quality adhesive backing ensures a firm hold on smooth surfaces – no drilling, no damage, just peel and stick.</p>
<p data-start=""400"" data-end=""545"">📦 <strong data-start=""403"" data-end=""418"">Saves Space</strong><br data-start=""418"" data-end=""421"">Maximize your storage area by keeping items neatly organized and off the counter. Ideal for small spaces and smart living.</p>
<p data-start=""547"" data-end=""669"">👌 <strong data-start=""550"" data-end=""565"">Easy Access</strong><br data-start=""565"" data-end=""568"">Quickly reach your essentials with a smooth rotating design – hang, pick, or move items in seconds.</p>",TREVO,Home & Garden > Household Supplies > Storage & Organization > Storage Hooks & Racks > Utility Hooks,"","",true,Color,white,product.metafields.shopify.color-pattern,,,,,,,TRV-ORG-RHK-W-012,0.0,shopify,32,deny,manual,199.00,299.00,true,true,,,,,"",https://cdn.shopify.com/s/files/1/0655/7417/4829/files/00f038ae-8c61-4e18-a5cb-bd11094bc30c.png?v=1758621606,1,"",false,,,,,,,,,,,,,,,,,,,white; black,,,,,,,plastic,,,,https://cdn.shopify.com/s/files/1/0655/7417/4829/files/00f038ae-8c61-4e18-a5cb-bd11094bc30c.png?v=1758621606,kg,,,active
360-rotating-hooks,,,,,,,,,black,,,,,,,,TRV-ORG-RHK-B-012,0.0,shopify,19,deny,manual,199.00,299.00,true,true,,,,,"",https://cdn.shopify.com/s/files/1/0655/7417/4829/files/Untitled_project-Layer_1_1.png?v=1758621606,2,"",,,,,,,,,,,,,,,,,,,,,,,,,,,,,,,https://cdn.shopify.com/s/files/1/0655/7417/4829/files/dreamina-2025-09-21-9768-Make_it_with_a_classy_background.jpg?v=1758621606,kg,,,
360-rotating-hooks,,,,,,,,,,,,,,,,,,,,,,,,,,,,,,,,https://cdn.shopify.com/s/files/1/0655/7417/4829/files/dreamina-2025-09-21-2597-mKAE_ME_3d_mEASUREENTS.jpg?v=1758621606,3,"",,,,,,,,,,,,,,,,,,,,,,,,,,,,,,,,,,,
360-rotating-hooks,,,,,,,,,,,,,,,,,,,,,,,,,,,,,,,,https://cdn.shopify.com/s/files/1/0655/7417/4829/files/dreamina-2025-09-21-4122-use_this_object_as_sample_make_a_collage....jpg?v=1758621606,4,"",,,,,,,,,,,,,,,,,,,,,,,,,,,,,,,,,,,
360-rotating-hooks,,,,,,,,,,,,,,,,,,,,,,,,,,,,,,,,https://cdn.shopify.com/s/files/1/0655/7417/4829/files/dreamina-2025-09-21-9768-Make_it_with_a_classy_background.jpg?v=1758621606,5,"",,,,,,,,,,,,,,,,,,,,,,,,,,,,,,,,,,,
360-rotating-hooks,,,,,,,,,,,,,,,,,,,,,,,,,,,,,,,,https://cdn.shopify.com/s/files/1/0655/7417/4829/files/dreamina-2025-09-21-8972-I_want_to_make_it_more_enhancedand_clea....jpg?v=1758621606,6,"",,,,,,,,,,,,,,,,,,,,,,,,,,,,,,,,,,,
360-rotating-hooks,,,,,,,,,,,,,,,,,,,,,,,,,,,,,,,,https://cdn.shopify.com/s/files/1/0655/7417/4829/files/3.hook.jpg?v=1758621606,7,"",,,,,,,,,,,,,,,,,,,,,,,,,,,,,,,,,,,
